	gt	ms_total	512-256	256-128	128-64	64-32	32-16	frac	local_max	local_min	2parts
0	36	3.4442119499479586e-21	0.19025451047004138	0.09334782598536319	0.04497590580265986	0.0228658722646791	0.01222050980124497	-0.20247502027128636	1	1	3.4442119499479586e-21
1	42	6.518056340304095e-21	0.23303175773361565	0.10492816266330447	0.05582663048959885	0.030383459231760952	0.015914699401310187	-0.24894645713492583	1	1	6.518056340304095e-21
2	33	-3.608290262042705e-21	0.1374102066804635	0.0747045644647899	0.04056887606846068	0.023171817708808155	0.013198202889301212	-0.1506084095697647	1	1	-3.608290262042705e-21
3	45	2.6627642654791228e-20	0.22024578186565452	0.10493797900055232	0.05027678549516746	0.026203843312609946	0.014269049318426213	-0.23451483118408073	1	1	2.6627642654791228e-20
4	59	3.710430148389373e-21	0.17870444174859113	0.09536629958847455	0.04589009979236394	0.02499436602795767	0.014577657002665723	-0.19328209875125685	1	1	3.710430148389373e-21
5	59	5.0293271778972736e-21	0.20700141609733957	0.11174160556386781	0.055357381405112545	0.027686131392792204	0.013316919798809605	-0.2203183358961492	1	1	5.0293271778972736e-21
6	46	7.681590719684627e-21	0.15865129610483616	0.09460790491554143	0.054803987634982246	0.031137683459192104	0.017753425617384456	-0.17640472172222063	1	1	7.681590719684627e-21
7	52	3.725971032606008e-20	0.11476651174138787	0.08563001427354373	0.05082762941091893	0.028954496278206877	0.016054106032677467	-0.13082061777406534	1	1	3.725971032606008e-20
8	11	2.989341033300139e-20	0.10492008979116396	0.09552753430697587	0.05567582463062949	0.029091126142608704	0.015011456543400001	-0.11993154633456396	1	1	2.989341033300139e-20
9	33	1.988026592610154e-21	0.26102542585985133	0.09798577317977411	0.0415600890024442	0.021615362266570307	0.012519589909281582	-0.2735450157691329	1	1	1.988026592610154e-21
10	19	-8.98411783170059e-22	0.19706772878637158	0.0810621492637775	0.046259075194282184	0.02705728202602102	0.014953530554101112	-0.2120212593404727	1	1	-8.98411783170059e-22
11	19	-1.8081309143452825e-20	0.15296206209112165	0.09172351283294355	0.054218653476866316	0.03172815970241861	0.017725639612742185	-0.17068770170386383	1	1	-1.8081309143452825e-20
12	22	-4.5403757255369337e-20	0.16289971685512783	0.09585230677006168	0.04718904475019306	0.024471927812504946	0.013220028291434692	-0.17611974514656253	1	1	-4.5403757255369337e-20
13	47	1.4362073610344227e-20	0.1474387661060968	0.08386421425399813	0.04757793249502777	0.02751057125840552	0.01647951439882903	-0.16391828050492582	1	1	1.4362073610344227e-20
14	54	-2.3815657558810305e-20	0.1761443826183967	0.08803170551967959	0.04753241864041577	0.026126632520644767	0.014740044808733076	-0.1908844274271298	1	1	-2.3815657558810305e-20
15	48	-6.349276016818432e-21	0.20914000427267837	0.10784853155232664	0.04717050719814258	0.02127423006770797	0.009895286286777853	-0.21903529055945622	1	1	-6.349276016818432e-21
16	62	-9.011644099291732e-21	0.2602254495000633	0.10052179941323543	0.04753533598276112	0.021150473598376948	0.00867639490984104	-0.2689018444099044	1	1	-9.011644099291732e-21
17	60	7.918277654235227e-21	0.1302581953248314	0.10038741916743968	0.05877512055277045	0.03196230812432909	0.016745490394564102	-0.1470036857193955	1	1	7.918277654235227e-21
18	62	-4.8120981690486004e-20	0.130992908872296	0.10334376432819745	0.05992791541778655	0.033494674202211853	0.01873462104386399	-0.14972752991616	1	1	-4.8120981690486004e-20
19	26	-6.406936917847929e-21	0.20463133676377815	0.09927065822920217	0.05062471949248752	0.026627927148274222	0.012968752978392029	-0.21760008974217018	1	1	-6.406936917847929e-21
20	22	-2.4297082933567972e-21	0.06391635271317911	0.050960276635871604	0.03359501367002263	0.02222731012354407	0.01474793002883577	-0.07866428274201488	1	1	-2.4297082933567972e-21
21	89	-1.992444448179601e-20	0.17274735611831787	0.08001563743234259	0.04185070649248045	0.023271641451399722	0.01353980450066002	-0.1862871606189779	1	1	-1.992444448179601e-20
22	52	2.216109284733623e-21	0.24450998092361068	0.11251839848218353	0.04676709026915961	0.021857285328320902	0.01109432089607673	-0.2556043018196874	1	1	2.216109284733623e-21
23	89	-2.0206287163920742e-21	0.33374175907677167	0.11040495380935458	0.04353989057330101	0.019295472968192385	0.008730670821623527	-0.3424724298983952	1	1	-2.0206287163920742e-21
24	68	2.5541182746562782e-20	0.15316091601388002	0.09516564555865879	0.05795211817451539	0.03515942893056737	0.020072832514620633	-0.17323374852850065	1	1	2.5541182746562782e-20
25	82	-1.2607100501100002e-20	0.1948243429198985	0.10082307107621374	0.04967346058120684	0.026545444400931695	0.014548003281866017	-0.2093723462017645	1	1	-1.2607100501100002e-20
26	71	-1.539754377469259e-20	0.2300203442763135	0.108459383617848	0.05082801830022243	0.026050096667935323	0.013252761945003667	-0.24327310622131715	1	1	-1.539754377469259e-20
27	86	1.5852703777637853e-20	0.22038119516781218	0.10912286727549897	0.05456281220763757	0.027833982270989627	0.013934328206330181	-0.23431552337414235	1	1	1.5852703777637853e-20
28	80	-9.09947042342887e-21	0.23961191680681965	0.10611396738616966	0.04950586618829603	0.023264107446356725	0.009943732141319552	-0.2495556489481392	1	1	-9.09947042342887e-21
29	54	-1.7784722872885753e-20	0.29801274232605857	0.09845466554844076	0.04108194838900799	0.018808682719767853	0.00875937176820164	-0.3067721140942602	1	1	-1.7784722872885753e-20
30	34	-3.1770025047079333e-20	0.28365686992605477	0.10795478280642093	0.04319883997013588	0.020973991019897043	0.01090508018374213	-0.2945619501097969	1	1	-3.1770025047079333e-20
31	77	4.672373551378474e-21	0.2752241137592994	0.10935892609432271	0.044762804947125756	0.020532631603887044	0.010369255026281237	-0.2855933687855806	1	1	4.672373551378474e-21
32	69	2.843290142852656e-20	0.2689824051760696	0.11724703110853299	0.04941751995815219	0.021516719016472122	0.009916265816048887	-0.27889867099211846	1	1	2.843290142852656e-20
33	18	4.366554651859674e-21	0.24918697648707117	0.11087045466378513	0.04741477623573231	0.023233413883711477	0.012156651200549002	-0.26134362768762015	1	1	4.366554651859674e-21
34	40	1.5859286294637412e-20	0.2989588456333124	0.11928400718578737	0.04364919585461297	0.01815795628674366	0.008020650009297121	-0.3069794956426095	1	1	1.5859286294637412e-20
35	16	1.493955683095134e-21	0.2572760008330843	0.0878693292256887	0.040572336395189944	0.020671762207393495	0.011178033922943585	-0.26845403475602786	1	1	1.493955683095134e-21
36	48	1.4112903657961436e-20	0.3162042098545225	0.10044869520603068	0.040638544945028166	0.018980063022183587	0.009105863143799795	-0.3253100729983223	1	1	1.4112903657961436e-20
37	89	9.80679991499211e-21	0.25884404899461044	0.06781202120052716	0.03279132775752048	0.017994545090736364	0.010624274864430414	-0.26946832385904085	1	1	9.80679991499211e-21
38	70	1.0494090898780524e-20	0.18326813215457774	0.07874846955135081	0.04386640798739879	0.023900727880856332	0.013228528798788995	-0.19649666095336674	1	1	1.0494090898780524e-20
39	50	-8.324397022548556e-21	0.10588737357327477	0.05087139735307854	0.029424045324483075	0.017757768807814975	0.01113784764165403	-0.1170252212149288	1	1	-8.324397022548556e-21
40	76	-1.7129079668072773e-20	0.164424006243117	0.06537303474070048	0.0323716062202495	0.018385451505699042	0.01155791549360751	-0.17598192173672453	1	1	-1.7129079668072773e-20
41	83	1.4946990549923612e-20	0.20699239386551943	0.10925297063312034	0.05054296028902763	0.02647781957537957	0.014625798037796078	-0.2216181919033155	1	1	1.4946990549923612e-20
42	40	1.2501479903966568e-20	0.23673739780248756	0.09068967162679666	0.03494832480602971	0.00992450172811777	0.001320979744829595	-0.23805837754731715	1	1	1.2501479903966568e-20
43	56	9.390037406720261e-21	0.19976173951118847	0.10003848325738736	0.04700108142654199	0.022262591710362472	0.010020507746403205	-0.20978224725759168	1	1	9.390037406720261e-21
44	47	-2.8046736692055583e-20	0.1942638626729308	0.08927555757230622	0.03857389596694858	0.013966066059576582	0.0019521192841911532	-0.19621598195712195	1	1	-2.8046736692055583e-20
45	65	1.2273804307670037e-21	0.09196571458704633	0.05583432464647671	0.03278512157815406	0.01990333740354065	0.01244176432133698	-0.10440747890838331	1	1	1.2273804307670037e-21
46	72	1.3571489285261274e-20	0.21452780452182324	0.09790686093316389	0.05006654539601818	0.026754183951403842	0.014736894589622919	-0.22926469911144615	1	1	1.3571489285261274e-20
47	29	4.0545665851090026e-21	0.18616829745490102	0.1018044332262612	0.056005373601653655	0.030104790348035617	0.016178542208974772	-0.2023468396638758	1	1	4.0545665851090026e-21
48	25	1.7326182324624645e-20	0.2092557850246738	0.10963578741002532	0.0492543698583672	0.01983920455617297	0.00630212032984986	-0.21555790535452365	1	1	1.7326182324624645e-20
49	28	-9.543720184863532e-22	0.17376780543899745	0.08681140815890186	0.05042553706706787	0.0293188178844878	0.016599819540240947	-0.1903676249792384	1	1	-9.543720184863532e-22
50	22	4.27771745820183e-20	0.221259683755126	0.09363643009626446	0.04667999329562271	0.022632670498052877	0.011098735172865602	-0.2323584189279916	1	1	4.27771745820183e-20
51	21	-7.298876590224719e-21	0.07980520390057673	0.04432596175354987	0.02981432502041945	0.019285839823891465	0.012442810473992205	-0.09224801437456893	1	1	-7.298876590224719e-21
52	82	1.1910827671930184e-20	0.33732151845540703	0.09948811220018904	0.03938178904231863	0.01844942068825186	0.009200372951757156	-0.34652189140716416	1	1	1.1910827671930184e-20
53	4	7.812322504822782e-22	0.13391558182869767	0.050362229304304215	0.03670339691365162	0.02580496144291629	0.017448845174868454	-0.15136442700356612	1	1	7.812322504822782e-22
54	50	-5.802683332664152e-21	0.27666216905671703	0.1053697940508862	0.04456629010768159	0.02208277404490579	0.012166984232359538	-0.28882915328907655	1	1	-5.802683332664152e-21
55	82	-3.3315999217475897e-20	0.17659153548307754	0.09493760231280711	0.045667405395660485	0.024056985126815866	0.01312675479553979	-0.18971829027861734	1	1	-3.3315999217475897e-20
56	31	-1.892613634117479e-20	0.38327786736855696	0.07662548447851507	0.033013148775267474	0.017267881507508687	0.009349416582622448	-0.3926272839511794	1	1	-1.892613634117479e-20
57	24	7.456668400519048e-21	0.1805935845485474	0.10581506753630934	0.05690403349701252	0.02880998925364279	0.015135256630365076	-0.19572884117891248	1	1	7.456668400519048e-21
58	65	-2.1301048274074565e-20	0.2733959918531597	0.11581705584555413	0.044918032464489006	0.01953877920859331	0.00896753511526002	-0.2823635269684197	1	1	-2.1301048274074565e-20
59	68	-5.643827474052219e-22	0.2957077038255611	0.10020295422942364	0.04095739010059444	0.019743840707540632	0.010261450699804985	-0.3059691545253661	1	1	-5.643827474052219e-22
60	64	4.692757744326085e-20	0.24225449923994222	0.1099487198384522	0.050252690736124345	0.02253911954646268	0.010027906123972025	-0.2522824053639142	1	1	4.692757744326085e-20
61	100	5.903606768547426e-20	0.2022430742654217	0.10329383392656362	0.0483173085147727	0.023896638286607624	0.012288672385153979	-0.21453174665057567	1	1	5.903606768547426e-20
62	69	-2.1160125647718337e-21	0.20024465416241874	0.10298066935643994	0.05600565214037162	0.030239717116526153	0.016336952458179746	-0.2165816066205985	1	1	-2.1160125647718337e-21
63	73	2.5476855169261965e-20	0.15565752860934312	0.11264356396564516	0.06248095207239318	0.03234552358445519	0.016448111907873538	-0.17210564051721666	1	1	2.5476855169261965e-20
64	44	-2.194021389588483e-20	0.1589089803119776	0.07577292042957069	0.04662743482953236	0.030414906966311106	0.01915581480991785	-0.17806479512189544	1	1	-2.194021389588483e-20
65	65	1.1287215609076215e-20	0.2022786024995593	0.08942600074051921	0.043961374458268886	0.02347356763306949	0.012859401478498306	-0.21513800397805763	1	1	1.1287215609076215e-20
66	32	9.1131369719611e-21	0.2884050093864668	0.09770606720818811	0.04566590663274753	0.02454011560198938	0.013797334139140046	-0.3022023435256068	1	1	9.1131369719611e-21
67	75	8.711433055627768e-21	0.2322624464387153	0.09867349399673293	0.04631182063241206	0.02216429683500738	0.011004125953728764	-0.24326657239244406	1	1	8.711433055627768e-21
68	44	6.29599947651741e-21	0.24894714320350586	0.07945304757500336	0.041772864192794086	0.02259980135227256	0.012148527744516757	-0.2610956709480226	1	1	6.29599947651741e-21
69	82	6.341468120524387e-20	0.23037187115505653	0.08454345646991507	0.04613286768450359	0.02447404357516763	0.012038616925122852	-0.24241048808017937	1	1	6.341468120524387e-20
70	86	8.861488294132476e-21	0.20290180503718672	0.10983732762923538	0.05847255417549348	0.02836786158283992	0.01258139505209769	-0.2154832000892844	1	1	8.861488294132476e-21
71	25	2.8059445300620374e-20	0.1756252245432978	0.09472204778401598	0.046017549311170775	0.022636831229821304	0.010729154635336444	-0.18635437917863423	1	1	2.8059445300620374e-20
72	0	2.314467337354492e-21	0.1705330499782999	0.08753594175890449	0.049514157990380676	0.029591638175164966	0.017409412704581805	-0.1879424626828817	1	1	2.314467337354492e-21
73	15	-4.5211211223572005e-21	0.2779222241944593	0.12142254294497874	0.050170509398857754	0.021190909133453305	0.009239471696183747	-0.287161695890643	1	1	-4.5211211223572005e-21
74	8	-4.38819276115753e-23	0.1371647360981207	0.055043067159970274	0.023981231343342766	0.007334103765100827	0.0023816645032794263	-0.1395464006014001	1	1	-4.38819276115753e-23
75	26	-2.213689060069194e-20	0.14562168478069107	0.08056759674186358	0.041730582000765036	0.02214644120703409	0.011251679140904601	-0.15687336392159568	1	1	-2.213689060069194e-20
76	54	7.849865016671115e-21	0.1984841426495316	0.10378743368647268	0.056491548698980834	0.030965898995245378	0.016622586552182395	-0.215106729201714	1	1	7.849865016671115e-21
77	22	-3.65560888745814e-21	0.2422226452779661	0.0763739836283446	0.04128579550680962	0.02342797428573387	0.013777865044941436	-0.25600051032290755	1	1	-3.65560888745814e-21
78	50	-5.70714212603916e-20	0.22583527171721032	0.08847794265557044	0.0420995757388602	0.022439531848775715	0.01256857960086685	-0.23840385131807718	1	1	-5.70714212603916e-20
79	36	1.8340652688636326e-20	0.19985485812379938	0.07800357186151317	0.0373589664535623	0.018666652070055977	0.008351676019796271	-0.20820653414359566	1	1	1.8340652688636326e-20
80	45	-7.559848177284082e-21	0.43927265073173594	0.09458051874146806	0.03241981096235291	0.013752021179233853	0.006219808615985534	-0.44549245934772147	1	1	-7.559848177284082e-21
81	34	7.236681171608306e-22	0.22211754866290917	0.06548454558690656	0.03208845664273577	0.01743050611744104	0.009821594912600585	-0.23193914357550977	1	1	7.236681171608306e-22
82	64	-2.2042741910694713e-21	0.2504468017903577	0.10291692323697811	0.05166828581185217	0.027527884856489538	0.014964570109888067	-0.2654113719002458	1	1	-2.2042741910694713e-21
83	2	4.130110680404917e-21	0.1426671480684462	0.11044614460234557	0.0644748470526597	0.034275914655353276	0.017360569658330563	-0.16002771772677676	1	1	4.130110680404917e-21
84	14	4.123969625247022e-21	0.1470555123883876	0.09305239219005733	0.05340034467024984	0.030062049290795166	0.016837071033542022	-0.1638925834219296	1	1	4.123969625247022e-21
85	48	2.8507234691157773e-20	0.19646736930023073	0.08817765333565601	0.04560388754292884	0.022631367347075125	0.009872944051540052	-0.20634031335177078	1	1	2.8507234691157773e-20
86	33	-1.9802892266524883e-20	0.3891972108033176	0.07810020728930374	0.03706668038783208	0.021785774068124868	0.012684190846932626	-0.4018814016502502	1	1	-1.9802892266524883e-20
87	39	-7.114549789845306e-21	0.3388793554334754	0.07290211106625219	0.03880133054769533	0.02236586150885128	0.013344201198038403	-0.35222355663151383	1	1	-7.114549789845306e-21
88	36	9.441005967154997e-21	0.33209930413810385	0.10175369812120921	0.043889092229789525	0.021801650516889474	0.010814354740230537	-0.34291365887833436	1	1	9.441005967154997e-21
89	79	-2.2218653394255457e-21	0.2014875048501258	0.10824313340006875	0.052348876061606604	0.027374850101512988	0.014528459791901833	-0.21601596464202763	1	1	-2.2218653394255457e-21
90	14	-7.604672691141709e-21	0.3954900447720137	0.10377528399433483	0.03688750568268175	0.016424293277863662	0.007971745940524478	-0.4034617907125382	1	1	-7.604672691141709e-21
91	42	-1.2012153867225905e-20	0.1993271842344573	0.09881483317696377	0.047348595502742855	0.021469281143376956	0.008100253027696751	-0.20742743726215407	1	1	-1.2012153867225905e-20
92	34	7.113829950320694e-21	0.14144795909102098	0.08540964135275818	0.046427724533427535	0.021640711775794328	0.007977179439112442	-0.14942513853013342	1	1	7.113829950320694e-21
93	50	7.492136511402144e-21	0.17299216143988091	0.05825326815104379	0.0328883483047393	0.01749960861830998	0.009493879849863501	-0.1824860412897444	1	1	7.492136511402144e-21
94	14	1.548344865623469e-20	0.40666812375424416	0.10493043746942213	0.033797878431993576	0.012645341281263944	0.0057717822398075545	-0.4124399059940517	1	1	1.548344865623469e-20
95	43	5.19986556538449e-21	0.1786540375380361	0.1075060549959895	0.056588245544999596	0.02928233225931101	0.014806809179343388	-0.19346084671737948	1	1	5.19986556538449e-21
96	58	-4.464565389792292e-20	0.18913609030058534	0.08785171281585774	0.04480189147213587	0.02279923330037787	0.0112717848301141	-0.20040787513069944	1	1	-4.464565389792292e-20
97	40	1.0641636737038722e-20	0.32470375347523844	0.09774249676194442	0.04430688690633821	0.021950531470861505	0.011246326957798822	-0.33595008043303726	1	1	1.0641636737038722e-20
98	24	-5.130987163477232e-21	0.15415148348203847	0.07414344654928672	0.045754633526273465	0.027696523296205297	0.017113372158223818	-0.17126485564026228	1	1	-5.130987163477232e-21
99	91	4.352308970793927e-21	0.29250885309005126	0.10880535167385352	0.04773573129218805	0.02155729659354264	0.01043788421306734	-0.3029467373031186	1	1	4.352308970793927e-21
100	73	-2.0846729187621023e-20	0.21940879409282307	0.09020352857754069	0.046380821477403945	0.02474959326546041	0.013446321917533205	-0.23285511601035627	1	1	-2.0846729187621023e-20
101	46	3.402496635012139e-20	0.21670330290641127	0.10455709441914716	0.056232626758099806	0.029964318256460065	0.015415490559341494	-0.23211879346575276	1	1	3.402496635012139e-20
102	72	-2.7801083373199037e-20	0.33791415291213894	0.08823841949174839	0.035051231088819676	0.014621615601252918	0.00492802573854552	-0.34284217865068445	1	1	-2.7801083373199037e-20
103	71	-8.826933292643329e-22	0.21923803753289933	0.10282789574595903	0.05187684074641402	0.027835550522364815	0.015808418367402967	-0.2350464559003023	1	1	-8.826933292643329e-22
104	71	-1.1243246469585142e-20	0.33171045070796695	0.1155245782873981	0.043995256627323044	0.019103836603290056	0.008672131799103583	-0.34038258250707054	1	1	-1.1243246469585142e-20
105	67	3.293647594747621e-20	0.2149159257501351	0.08972204464500101	0.04486615173876242	0.02452763354246941	0.014282416432554856	-0.22919834218268995	1	1	3.293647594747621e-20
106	73	-6.887774709787222e-22	0.2942215934194004	0.09394337987691849	0.04319327289357734	0.02195086659733198	0.011507421848397075	-0.3057290152677975	1	1	-6.887774709787222e-22
107	68	2.1200214233473275e-20	0.1692199305972965	0.11749372111062253	0.05853567524763889	0.028982585662067205	0.014612704277800788	-0.1838326348750973	1	1	2.1200214233473275e-20
108	24	3.330848445529244e-20	0.22436241365969345	0.1017429767041028	0.04810346579739567	0.021316878912850404	0.007978099972737457	-0.2323405136324309	1	1	3.330848445529244e-20
109	32	-1.501582787404717e-20	0.15962228770621031	0.08533573713445064	0.037714757691127795	0.017157750099028667	0.0070702521636466014	-0.1666925398698569	1	1	-1.501582787404717e-20
110	49	1.835104711667626e-20	0.23593563969493372	0.07361008729896398	0.03621090149719688	0.019107354274175925	0.009254800806205735	-0.24519044050113947	1	1	1.835104711667626e-20
111	30	-3.2922421826195038e-21	0.1269639308573777	0.09069718297845443	0.05122281800404926	0.02794440519901706	0.015321167927838953	-0.14228509878521664	1	1	-3.2922421826195038e-21
112	19	1.6871204076396303e-20	0.12767896034335088	0.10347464885207802	0.050535087114957904	0.02315324029992022	0.010144728875510005	-0.1378236892188609	1	1	1.6871204076396303e-20
113	47	2.297170166382605e-21	0.16439537300200743	0.09952968794017136	0.05271142499945172	0.029173727563299907	0.016884063090621435	-0.18127943609262887	1	1	2.297170166382605e-21
114	20	1.56262646620373e-20	0.11745274884040018	0.10285323989091118	0.06166715961144577	0.033428388812183775	0.016959256742163798	-0.13441200558256397	1	1	1.56262646620373e-20
115	11	-7.665965799694957e-21	0.11126646696302057	0.09248090354903588	0.061181011533619	0.03576896302380366	0.018644841252983293	-0.12991130821600386	1	1	-7.665965799694957e-21
116	21	4.0265136803511925e-21	0.1303163276343502	0.09977919425339883	0.05755279306063893	0.03136943606166498	0.01655052580395003	-0.14686685343830022	1	1	4.0265136803511925e-21
117	7	5.907247570317918e-22	0.28241663087865615	0.12033199115863494	0.06264068181772653	0.02580964443237834	0.009612484254263438	-0.29202911513291957	1	1	5.907247570317918e-22
118	2	1.7755023909574186e-20	0.23997234781498902	0.11713765924057487	0.053342079224049745	0.023354903179665234	0.010709116611077332	-0.25068146442606637	1	1	1.7755023909574186e-20
119	7	1.975763613923181e-20	0.3697762057590305	0.13474624961494927	0.014094442494007915	0.006096006076463193	0.0034597236323057547	-0.3732359293913362	1	1	1.975763613923181e-20
120	64	3.9067515580196915e-20	0.25792251896848495	0.08671250943836982	0.04077371253702478	0.022198571818144892	0.012473304044967763	-0.2703958230134527	1	1	3.9067515580196915e-20
121	31	3.9102155321978227e-20	0.15757466847362295	0.09328612400046549	0.05652610461801711	0.032448164186651446	0.018152031230947573	-0.17572669970457053	1	1	3.9102155321978227e-20
122	38	4.20557279407802e-21	0.2046671023555994	0.09603415465110472	0.05138572390536143	0.029041662386691536	0.016175257231112333	-0.22084235958671172	1	1	4.20557279407802e-21
123	65	8.001117707986624e-21	0.18181637691529715	0.09909896137382404	0.04920997070529283	0.0272097514116034	0.015841953706620764	-0.1976583306219179	1	1	8.001117707986624e-21
124	21	-2.0158797028272538e-20	0.13544467271101857	0.09410530996070353	0.05423568565623087	0.031960184763135606	0.018906902953561604	-0.15435157566458016	1	1	-2.0158797028272538e-20
125	55	1.9579511315188434e-21	0.1454155393763012	0.08565797887005556	0.044873749771368335	0.025652387137594556	0.01564508978953429	-0.1610606291658355	1	1	1.9579511315188434e-21
126	32	-2.0802569783336275e-20	0.10042671917139302	0.07597134250118832	0.049353464074091295	0.0301410708309824	0.017967420076624427	-0.11839413924801745	1	1	-2.0802569783336275e-20
127	42	9.787307689103738e-21	0.22168570363778767	0.09136040278911473	0.044795944958413804	0.024858584611183992	0.014451057561184442	-0.23613676119897212	1	1	9.787307689103738e-21
128	82	-1.1818683437664832e-20	0.1402197122731682	0.09450987073612514	0.05486203737641536	0.031049313676878486	0.017357828322104227	-0.15757754059527243	1	1	-1.1818683437664832e-20
129	87	4.082934107032592e-21	0.19013380872710053	0.10367207440129161	0.05222960488329795	0.028146460948902108	0.015787197586219413	-0.20592100631331994	1	1	4.082934107032592e-21
130	45	-4.866548462343926e-21	0.20089231563560228	0.11115226585723208	0.05760843004338721	0.028757209967542375	0.014498695192628763	-0.21539101082823103	1	1	-4.866548462343926e-21
131	15	8.091172919928324e-21	0.11997051169520133	0.06831111825068437	0.04052326864326443	0.0250391251241269	0.015423567054641638	-0.13539407874984297	1	1	8.091172919928324e-21
132	35	-2.897299483576771e-21	0.23489099359496873	0.08523356923650109	0.04227123437063927	0.023043928252455007	0.013131398917088406	-0.24802239251205713	1	1	-2.897299483576771e-21
133	46	-8.241542900027806e-21	0.22960970894581195	0.09134104589435188	0.042166240187485805	0.0227329991972595	0.011827143030354556	-0.24143685197616652	1	1	-8.241542900027806e-21
134	82	-1.225851006210947e-20	0.1515435348896464	0.06442958426072809	0.03416657959467713	0.01915579324897521	0.011106391525491028	-0.16264992641513742	1	1	-1.225851006210947e-20
135	23	1.7710800005333473e-21	0.1813336323291546	0.069621600397553	0.04463591592496703	0.028507634383550518	0.01808705549301793	-0.1994206878221725	1	1	1.7710800005333473e-21
136	51	2.825563156420097e-21	0.09201861554619793	0.04980521769720195	0.03155968551188437	0.02019730429750567	0.012800479154910189	-0.10481909470110812	1	1	2.825563156420097e-21
137	52	-7.972783405009501e-21	0.16084027010815685	0.09084427813553153	0.04756210273195665	0.024993507641682067	0.01322865516218569	-0.17406892527034254	1	1	-7.972783405009501e-21
138	10	-4.210487942561104e-22	0.1581484353036312	0.11115363332095653	0.05819595987741782	0.031215762314499747	0.017422131136701866	-0.1755705664403331	1	1	-4.210487942561104e-22
139	41	1.5760129653096143e-20	0.18553561529403814	0.08098596802100963	0.03979560104466796	0.022801400278565153	0.013724739846097112	-0.19926035514013526	1	1	1.5760129653096143e-20
140	54	-1.9779138712231874e-20	0.20322782310049226	0.11664190806654574	0.05791851365693196	0.02709687737983551	0.012631709912938662	-0.21585953301343092	1	1	-1.9779138712231874e-20
141	8	7.184985479455164e-20	0.1610258649216289	0.09448041351206372	0.050286514077946855	0.02737586113624547	0.01574826729200092	-0.1767741322136298	1	1	7.184985479455164e-20
142	51	-9.01172571096267e-21	0.2506118721085407	0.0994452537871619	0.0440496938393263	0.02256525085763331	0.01252435827944773	-0.26313623038798845	1	1	-9.01172571096267e-21
143	40	2.2393417859221223e-20	0.22268715607203285	0.09459119980274429	0.0480394200972364	0.024792177562385297	0.01370339091057876	-0.2363905469826116	1	1	2.2393417859221223e-20
144	38	6.563289536161027e-21	0.12492831575362585	0.08818970292721726	0.050933529206714075	0.028110214054339253	0.015088738571389182	-0.14001705432501504	1	1	6.563289536161027e-21
145	67	-1.0072561849627311e-20	0.3328021933925551	0.08699313475829543	0.04376583271130708	0.023743956451006222	0.012997609500258772	-0.34579980289281387	1	1	-1.0072561849627311e-20
146	55	2.0127163185884377e-20	0.2512393194268448	0.10767140401555739	0.04995525779415978	0.024292398573813073	0.012633498305190663	-0.26387281773203547	1	1	2.0127163185884377e-20
147	70	9.377387811774617e-21	0.3295502905513825	0.09632968842592805	0.041437681585105496	0.021133738011324486	0.01149924860974519	-0.34104953916112773	1	1	9.377387811774617e-21
148	44	8.483027088547383e-21	0.18061068785884152	0.06224432713553668	0.025427034664406226	0.009164767526398098	0.0004519133685222344	-0.18106260122736376	1	1	8.483027088547383e-21
149	71	2.709333903017869e-20	0.35075038242229667	0.07851296284823343	0.03272969826870329	0.015622857212293942	0.008066454011736897	-0.35881683643403356	1	1	2.709333903017869e-20
150	53	-4.646863546737982e-21	0.28019914740770385	0.11206030920493162	0.05012778009116635	0.024622477961757466	0.012552308156223673	-0.2927514555639275	1	1	-4.646863546737982e-21
151	46	3.408809680136274e-20	0.39840052168254336	0.09048294912017313	0.037020413290577515	0.01745368847994811	0.008425507945369542	-0.4068260296279129	1	1	3.408809680136274e-20
152	77	-3.6646246606784633e-20	0.2595457832085469	0.0776476519244378	0.035474709324059994	0.01791822886174676	0.008770417471221854	-0.26831620067976875	1	1	-3.6646246606784633e-20
153	47	-4.487442563496376e-21	0.1966520356048355	0.08828172589653098	0.045284597446719345	0.02605942200681882	0.015545384525556932	-0.21219742013039242	1	1	-4.487442563496376e-21
154	45	-1.592430397244241e-22	0.36970106025918226	0.07989522158186226	0.03579728344121024	0.018051170740040184	0.009895670586293648	-0.3795967308454759	1	1	-1.592430397244241e-22
155	65	-1.397125565394929e-20	0.29068512601931645	0.08726910461955578	0.04363273592786587	0.023209521450698847	0.01269120493713919	-0.30337633095645566	1	1	-1.397125565394929e-20
156	86	1.3232369676650291e-20	0.2519680117748008	0.10975117032759318	0.05253533019354448	0.024636945855855706	0.01102241624994685	-0.2629904280247477	1	1	1.3232369676650291e-20
157	89	3.7507151195023955e-20	0.30613399136330394	0.10866461446713147	0.03946116395346048	0.01777811436792871	0.00876235181375342	-0.31489634317705734	1	1	3.7507151195023955e-20
158	63	5.8493683960960564e-21	0.36432245234169786	0.09410304485005007	0.03915317473417642	0.018616160952815132	0.009077457686094073	-0.37339991002779194	1	1	5.8493683960960564e-21
159	46	1.2648685121230176e-20	0.1465918525538313	0.10028687961548392	0.05731887635470746	0.032336672818115045	0.0183750874245429	-0.1649669399783742	1	1	1.2648685121230176e-20
160	23	3.981414848807518e-21	0.250254552289119	0.0902153391773421	0.0423950661789819	0.022872884737872082	0.013841799968327958	-0.264096352257447	1	1	3.981414848807518e-21
161	83	3.9958365633137527e-20	0.23421477964720286	0.10780817302179627	0.05249209177419461	0.02735942220323538	0.014458996212297716	-0.24867377585950057	1	1	3.9958365633137527e-20
162	42	8.450218409032432e-21	0.26923991662791263	0.08955879254527015	0.04842576764222996	0.027445461951003242	0.015425927698928562	-0.2846658443268412	1	1	8.450218409032432e-21
163	33	-1.9830162230424805e-20	0.11391562411795177	0.0683841605708024	0.039332139498392045	0.022418013021123447	0.013105480691220911	-0.12702110480917267	1	1	-1.9830162230424805e-20
164	27	-1.865724160319957e-21	0.1844569609938049	0.06711177473763519	0.03542269075257902	0.021161860583652103	0.012986021778904426	-0.19744298277270933	1	1	-1.865724160319957e-21
165	83	-2.6926473116953872e-20	0.242790016787677	0.10100959284974256	0.04463707614231244	0.02121919176104069	0.010523231294511055	-0.2533132480821881	1	1	-2.6926473116953872e-20
166	41	1.1389940045843003e-20	0.1199698193477797	0.09427193845424182	0.06297048656301969	0.03798259283875397	0.021478406997510933	-0.14144822634529064	1	1	1.1389940045843003e-20
167	16	-1.9871264052279473e-21	0.09112120798254737	0.08750000632957027	0.06086083072037502	0.0370148557960511	0.020444880075963588	-0.11156608805851095	1	1	-1.9871264052279473e-21
168	31	-3.667559489496477e-21	0.28044093846921375	0.07278280182908586	0.03890059767917941	0.022697737125816502	0.013384196179326662	-0.29382513464854043	1	1	-3.667559489496477e-21
169	33	2.5218306371229498e-21	0.21175630528690406	0.09863104004008061	0.048868631693018895	0.02408539313536872	0.011845492279740712	-0.22360179756664478	1	1	2.5218306371229498e-21
170	50	3.934383445044129e-21	0.20355970597722958	0.06377065136094599	0.03483146913710113	0.021427259420212244	0.013521807827065253	-0.21708151380429483	1	1	3.934383445044129e-21
171	61	-7.776759542003515e-21	0.2307240971333723	0.08472793486052813	0.043971218226149765	0.024607020197531346	0.013557721465550105	-0.2442818185989224	1	1	-7.776759542003515e-21
172	43	-1.647199200937323e-20	0.17022750417007237	0.09394480332183018	0.04763760148870514	0.024570762876136038	0.013169422506917192	-0.18339692667698956	1	1	-1.647199200937323e-20
173	63	-5.120066528801447e-21	0.1918798424730555	0.09887366087605373	0.05077270182277682	0.026625836906689702	0.014062066615032351	-0.20594190908808785	1	1	-5.120066528801447e-21
174	54	-2.064940155125776e-20	0.20192736789509302	0.09628300786482119	0.04931783814862444	0.027130607844663125	0.0155149528706048	-0.21744232076569783	1	1	-2.064940155125776e-20
175	62	4.392632628120255e-20	0.12800846096121832	0.06562666814428682	0.038029556964003036	0.022608670460658405	0.013939431697352993	-0.1419478926585713	1	1	4.392632628120255e-20
176	34	-1.7640860262401407e-20	0.24432239310567364	0.09844700891568355	0.044043569328846933	0.021509230355441954	0.010178689422612163	-0.2545010825282858	1	1	-1.7640860262401407e-20
177	19	-3.553519431726256e-21	0.24527051292913077	0.11499076144285943	0.05006913713742308	0.02475008229915806	0.01260362107098851	-0.25787413400011927	1	1	-3.553519431726256e-21
178	87	3.3666667583298754e-22	0.34380990965430147	0.10005063659197556	0.03966750594604262	0.018928203417238564	0.010130302913831438	-0.3539402125681329	1	1	3.3666667583298754e-22
179	71	-2.897266734601756e-20	0.17512428122919338	0.06981793701125875	0.03758434594663522	0.022301071159679667	0.013248403687147768	-0.18837268491634115	1	1	-2.897266734601756e-20
180	45	4.8871382966772315e-21	0.14468573636404738	0.05620950551050407	0.033041469148814256	0.021627424755595433	0.014449018076364336	-0.15913475444041172	1	1	4.8871382966772315e-21
181	31	-4.981369795864857e-22	0.09329610837757883	0.053979815121203936	0.03381603194942696	0.01977580804809693	0.01140962781891043	-0.10470573619648926	1	1	-4.981369795864857e-22
182	37	8.522244390407285e-21	0.1911977502493663	0.0797951088012919	0.038475243457954264	0.02085062569427638	0.0122744760541499	-0.2034722263035162	1	1	8.522244390407285e-21
183	87	-1.7077701287379203e-20	0.2980138807070774	0.10175341831530058	0.044769475936001335	0.021744940596635447	0.011368756592761108	-0.3093826372998385	1	1	-1.7077701287379203e-20
184	55	1.2339078195496328e-21	0.11232962795834803	0.06571454689401322	0.03638446702152411	0.021039908239275665	0.012088341491410262	-0.12441796944975829	1	1	1.2339078195496328e-21
185	60	-3.6652296258767014e-20	0.12722659962103186	0.07230539999046723	0.038358623639750934	0.022283896444121137	0.013269465608526642	-0.14049606522955851	1	1	-3.6652296258767014e-20
186	80	-2.1592170321044876e-20	0.2533381962942296	0.1094263641615304	0.05081574032470667	0.02510723806719626	0.012477319975942504	-0.2658155162701721	1	1	-2.1592170321044876e-20
187	89	-8.391929029231163e-21	0.21285052016706626	0.11063191369456031	0.052730599498769855	0.025502069074105835	0.012597570563682908	-0.22544809073074917	1	1	-8.391929029231163e-21
188	22	-3.1035637999997076e-20	0.1226043405019348	0.09499027107285316	0.055416975831741926	0.03230836228831263	0.019466105838232498	-0.1420704463401673	1	1	-3.1035637999997076e-20
189	48	6.51900160263291e-21	0.2216227594928245	0.12172615019657765	0.0520734501009276	0.021993938681160046	0.009496096615367324	-0.23111885610819183	1	1	6.51900160263291e-21
190	7	2.9758029842923486e-21	0.2318340295950541	0.10518041045408898	0.04931789503318736	0.02070034505550011	0.009212376840781869	-0.24104640643583597	1	1	2.9758029842923486e-21
191	13	-1.2239143195524178e-20	0.16248721037311842	0.10945861163310855	0.05915105758670657	0.0320999427628197	0.017207487871842054	-0.17969469824496048	1	1	-1.2239143195524178e-20
192	22	1.2492172484991455e-20	0.06215030123567773	0.04841890848721616	0.030356653460030712	0.019045958155319943	0.01219021870316417	-0.0743405199388419	1	1	1.2492172484991455e-20
193	53	1.0712379738350873e-20	0.1379123777388718	0.09503407939330484	0.05246685345461486	0.02833782991447675	0.015463279102836139	-0.15337565684170795	1	1	1.0712379738350873e-20
194	34	5.221140607900291e-21	0.13903368676747	0.09949301070748041	0.05977647536944434	0.03334184469671654	0.01805565874073483	-0.15708934550820483	1	1	5.221140607900291e-21
195	21	1.3150461746578977e-20	0.24621829183562963	0.10706368037284032	0.046883341490153635	0.023372743672446187	0.012194537014350288	-0.2584128288499799	1	1	1.3150461746578977e-20
196	48	3.171141067587065e-20	0.18508932343799878	0.12533680844116113	0.05721109064658888	0.024312798222610156	0.011138652808657612	-0.1962279762466564	1	1	3.171141067587065e-20
197	73	-2.962623347736677e-20	0.22337076124641478	0.08593568489851827	0.04282385415621847	0.023450507255958836	0.013472580012956982	-0.23684334125937176	1	1	-2.962623347736677e-20
198	60	7.968075649382142e-21	0.167082125801413	0.07792741949853504	0.03019104015754656	0.010282648181150057	0.00022343848581614275	-0.16730556428722912	1	1	7.968075649382142e-21
199	28	-1.7369516597368287e-20	0.3406450372257037	0.09365706374922171	0.04148974618047057	0.021106298249604805	0.011174564387255243	-0.35181960161295894	1	1	-1.7369516597368287e-20
200	62	-3.2061868017208015e-20	0.17175644333171927	0.11292779041353551	0.061016303948073475	0.031248045378262528	0.015663992828940574	-0.18742043616065984	1	1	-3.2061868017208015e-20
201	53	-5.708434703661196e-20	0.16424979710239235	0.09414619032248044	0.05172370771255135	0.028104917761163636	0.015154521682703053	-0.1794043187850954	1	1	-5.708434703661196e-20
202	36	1.7622617784811744e-20	0.2086256081614796	0.0938861631344507	0.04369341493828881	0.022722677195448106	0.012304089891666857	-0.22092969805314647	1	1	1.7622617784811744e-20
203	19	-5.750787304481419e-21	0.14370970431127028	0.08203157889426262	0.038401228241367026	0.018816841720113768	0.009828160979218447	-0.15353786529048874	1	1	-5.750787304481419e-21
204	22	-2.998916151530106e-21	0.11179408562808556	0.06317351291538223	0.0357192126126496	0.020173575717837018	0.011776933452841977	-0.12357101908092753	1	1	-2.998916151530106e-21
205	38	-3.071606944321046e-20	0.1706966752873955	0.08585273506516054	0.04597707815771402	0.026585916779299546	0.016044430445706685	-0.18674110573310218	1	1	-3.071606944321046e-20
206	12	4.20144793351737e-21	0.1778844484623048	0.10843302537984505	0.05420128953593488	0.026245827929740357	0.013399012328422968	-0.19128346079072778	1	1	4.20144793351737e-21
207	18	2.2959485546488954e-20	0.07917565335255815	0.07102433049793215	0.04823065055771515	0.03299883616632705	0.021847368837129816	-0.10102302218968796	1	1	2.2959485546488954e-20
208	59	-9.617540240072759e-21	0.2885847455903045	0.1046988233811997	0.0444990134339995	0.020725001055835017	0.009711837765244539	-0.29829658335554904	1	1	-9.617540240072759e-21
209	39	3.032210592138894e-20	0.19368659944908645	0.08353965116710285	0.044368487764336315	0.025302609485164346	0.014464048250182968	-0.20815064769926941	1	1	3.032210592138894e-20
210	4	-2.2170449993796754e-21	0.18895216579473184	0.08712346312264437	0.05075107660324438	0.03080337702794905	0.018219200467166283	-0.20717136626189814	1	1	-2.2170449993796754e-21
211	72	9.890787439618805e-21	0.18817932366547827	0.1155693454173701	0.06059608775555766	0.0308796433392948	0.015401500958307116	-0.20358082462378538	1	1	9.890787439618805e-21
212	38	2.1298639608358504e-20	0.19195766243898502	0.10549892870754343	0.053547167121501635	0.028960962178660173	0.016390732951821856	-0.20834839539080688	1	1	2.1298639608358504e-20
213	30	9.430557385028847e-21	0.21221908001889042	0.10067787463781219	0.04355019901315879	0.018344555535196396	0.0073915831644416645	-0.21961066318333208	1	1	9.430557385028847e-21
214	60	0.0	0.1597698316392038	0.09823419644536258	0.05354673590353212	0.030026167229880135	0.016567684544534122	-0.1763375161837379	1	1	0.0
215	36	-6.502351323989319e-20	0.2580976702292503	0.09369142406908645	0.04434522633742903	0.02299344442985901	0.0123372600895914	-0.2704349303188417	1	1	-6.502351323989319e-20
216	36	-1.043417182465779e-20	0.38457482056172293	0.10654751093441736	0.03657273929190676	0.01610655958698062	0.007842424557895461	-0.3924172451196184	1	1	-1.043417182465779e-20
217	34	7.506644582933669e-21	0.23606207217149802	0.08478965687979234	0.04436934056828025	0.02344525461296766	0.012556936808617435	-0.24861900898011546	1	1	7.506644582933669e-21
218	8	-3.004388067510799e-21	0.14864767930682504	0.11749520479413356	0.061598356582448624	0.03247303273059869	0.016767948170523593	-0.16541562747734864	1	1	-3.004388067510799e-21
219	39	1.2110335019040656e-20	0.14102356028266214	0.10416329644311637	0.058771926403248784	0.03300659077244851	0.018086170295955092	-0.15910973057861721	1	1	1.2110335019040656e-20
220	12	9.263034936940714e-21	0.1428445811817092	0.10392482547405553	0.06174906823036999	0.03502512444761613	0.01866209615805676	-0.16150667733976595	1	1	9.263034936940714e-21
221	21	2.762300358634564e-20	0.11432586549353699	0.09163921116528158	0.05329412529090511	0.031160810641921343	0.01817358252357403	-0.13249944801711103	1	1	2.762300358634564e-20
222	10	3.6101164967925794e-21	0.10135100214980272	0.0826858029713985	0.05246091397563446	0.03081702565197657	0.018129296883321964	-0.11948029903312468	1	1	3.6101164967925794e-21
223	60	2.4655625090422367e-20	0.14829873639538765	0.11371530698962354	0.06058363386264788	0.030803412798745673	0.015553225224701654	-0.1638519616200893	1	1	2.4655625090422367e-20
224	6	1.0396936634833487e-20	0.28746460824736214	0.09940974436792273	0.04679722651478219	0.024300321833157057	0.013076964172677629	-0.30054157242003976	1	1	1.0396936634833487e-20
225	57	1.875459269017564e-20	0.17024342339221604	0.1011883500932931	0.04594370423578523	0.021483967822283703	0.008863692604739707	-0.17910711599695575	1	1	1.875459269017564e-20
226	34	7.76309003137405e-21	0.1214165191458954	0.09969423542050493	0.05959719947948684	0.03381999467899445	0.018581100797068276	-0.13999761994296367	1	1	7.76309003137405e-21
227	6	4.524728497667402e-21	0.2416185920966243	0.10665494342025082	0.052157685131784266	0.027343201257200415	0.014753970162980355	-0.25637256225960464	1	1	4.524728497667402e-21
228	9	-1.7008966129265718e-20	0.2754495635584697	0.07096177183011337	0.03129205471088778	0.012824286820135302	0.0032537867978602673	-0.27870335035633	1	1	-1.7008966129265718e-20
229	19	-2.8348624216133663e-21	0.24457876396205847	0.08753652934927952	0.03989812910461859	0.018377233073797895	0.007409059957305454	-0.2519878239193639	1	1	-2.8348624216133663e-21
230	67	-4.42228140270744e-21	0.16565793964570388	0.10614587854923187	0.05647618740860714	0.029658428658290544	0.015388369669189921	-0.1810463093148938	1	1	-4.42228140270744e-21
231	39	1.0469978543409059e-20	0.2191726753083496	0.09820752018483005	0.05070557459650276	0.025245922146834143	0.012079634774502234	-0.23125231008285185	1	1	1.0469978543409059e-20
232	36	1.0472629773912368e-20	0.11520936510393913	0.06378383869816957	0.036064334913390866	0.021944038312141565	0.013646154885180747	-0.12885551998911987	1	1	1.0472629773912368e-20
233	50	1.7175464810433103e-20	0.1397132585286116	0.08548374833839646	0.04514709782423659	0.023257531151828086	0.012052806038636529	-0.15176606456724814	1	1	1.7175464810433103e-20
234	24	2.531845041538273e-20	0.13224729440313654	0.08571857474456311	0.044133703131730304	0.021876880580011273	0.010506583746341027	-0.14275387814947757	1	1	2.531845041538273e-20
235	60	2.179964615490075e-20	0.19916604360279402	0.11106507320722339	0.05395413162602659	0.02634727321365114	0.013199098954790222	-0.21236514255758424	1	1	2.179964615490075e-20
236	0	1.2791873956897406e-23	0.20377985672023863	0.10081508019059192	0.05038088930060712	0.028761284082924003	0.016634102323606875	-0.2204139590438455	1	1	1.2791873956897406e-23
237	7	-1.9782900337874608e-22	0.025534583715238257	0.019503778545246715	0.014580198290613671	0.010747552047364703	0.007741095044920332	-0.03327567876015859	1	1	-1.9782900337874608e-22
238	37	-8.730238989126633e-21	0.2307881629560907	0.10409843394126579	0.051683751979360676	0.02811921379203801	0.01544403883938552	-0.24623220179547622	1	1	-8.730238989126633e-21
239	82	-2.5239503231273402e-20	0.25917870735936893	0.11611840347421783	0.04892823316541018	0.02153925114522491	0.009631888724294227	-0.26881059608366314	1	1	-2.5239503231273402e-20
240	75	-3.9816584882358643e-20	0.2543496468934974	0.09025655420297637	0.04242671525891013	0.021773493414856734	0.012022063547627831	-0.2663717104411253	1	1	-3.9816584882358643e-20
241	62	1.3763955031297833e-20	0.5326108015007431	0.07389072583729801	0.02429028456206485	0.01164234613205351	0.0058118524292311916	-0.5384226539299743	1	1	1.3763955031297833e-20
242	63	8.380147165790428e-21	0.21840055519813964	0.1069199977590325	0.048201686639427005	0.02360568322460434	0.01201596049105572	-0.23041651568919536	1	1	8.380147165790428e-21
243	78	1.65380249828679e-20	0.23536981832506174	0.10935672456018589	0.045786496616147025	0.021056059849673795	0.009891416751956138	-0.2452612350770179	1	1	1.65380249828679e-20
244	45	6.05379001653431e-21	0.15820699081269757	0.09572207389080593	0.057565490228255675	0.0345061304058067	0.019864981657137428	-0.178071972469835	1	1	6.05379001653431e-21
245	33	-1.6803784858551939e-21	0.11157890939336135	0.08691365006043729	0.052124897115859666	0.028741054169048465	0.015639528329635707	-0.12721843772299707	1	1	-1.6803784858551939e-21
246	46	1.9417343142898653e-20	0.19053147427383418	0.09612971257100537	0.05171407616346606	0.028228577049699357	0.01577244317538959	-0.20630391744922377	1	1	1.9417343142898653e-20
247	14	1.0456976430439035e-20	0.17491497287528252	0.0908526548025996	0.049604041463031205	0.027776128831840455	0.015469386628877393	-0.1903843595041599	1	1	1.0456976430439035e-20
248	44	4.493817322254826e-21	0.19800386386992877	0.11234964248440674	0.05605350085827351	0.028603409499527433	0.01426324176946038	-0.21226710563938916	1	1	4.493817322254826e-21
249	24	4.820176909910233e-21	0.28391250400145757	0.11076212846459611	0.046036311967404445	0.020170456369799496	0.009454816751828578	-0.29336732075328614	1	1	4.820176909910233e-21
250	17	-1.4936941918973864e-20	0.11191139513295761	0.09037950312049461	0.05546419293901474	0.03203722550635924	0.018457345740251898	-0.13036874087320952	1	1	-1.4936941918973864e-20
251	20	2.428955103634035e-21	0.1405438745449406	0.08367687518577502	0.03808364336190656	0.019228486929301482	0.010189434697291135	-0.15073330924223174	1	1	2.428955103634035e-21
252	28	1.17231163561182e-21	0.09433586924536067	0.07077565201085526	0.044824981768853814	0.028110611082858016	0.01753186746929785	-0.11186773671465852	1	1	1.17231163561182e-21
253	16	3.937529080822583e-20	0.09108201259222157	0.07855886300557045	0.05214376429963504	0.03376464727700255	0.0213769923707432	-0.11245900496296476	1	1	3.937529080822583e-20
254	31	-1.5850518318381202e-20	0.14141229408023356	0.07716646203647366	0.03958952046489863	0.022926553420371552	0.01426605792195214	-0.15567835200218572	1	1	-1.5850518318381202e-20
255	44	-5.414286419850852e-22	0.1905371691320155	0.09551399561165247	0.05372054282616136	0.031340383400409656	0.018277315061902274	-0.20881448419391777	1	1	-5.414286419850852e-22
256	39	-8.517960585759023e-21	0.2133206207093378	0.09134848967498518	0.050696034302058775	0.027545226852712386	0.014689532629610143	-0.22801015333894795	1	1	-8.517960585759023e-21
257	12	-8.089393311715464e-22	0.16094181413417227	0.10157649431112643	0.05633848506322931	0.03247817542008297	0.018321896158548904	-0.17926371029272117	1	1	-8.089393311715464e-22
258	12	2.0376540570078497e-20	0.1959978202897291	0.092271657381298	0.05372892161732162	0.03278983136034643	0.01995813421443687	-0.21595595450416596	1	1	2.0376540570078497e-20
259	6	8.528302132069853e-21	0.17942055809953272	0.1096643636033305	0.05773225207412066	0.030329910737727513	0.015180097389091486	-0.1946006554886242	1	1	8.528302132069853e-21
260	10	8.033223104959106e-21	0.17917371841292978	0.11444194985627312	0.05686233167986411	0.027270837666856788	0.014513975191582675	-0.19368769360451246	1	1	8.033223104959106e-21
261	72	-7.910176488696884e-21	0.1398650340487358	0.08699500632399157	0.04653419056735071	0.024890838014013823	0.013284683003713181	-0.15314971705244898	1	1	-7.910176488696884e-21
262	62	2.7710802945297226e-20	0.32566848291365286	0.1070745267000881	0.04294676088164307	0.019633038559995427	0.00923147311451869	-0.3348999560281716	1	1	2.7710802945297226e-20
263	44	1.1423069693522827e-21	0.3388587990872355	0.10040251815679936	0.044025791794150886	0.020953345564960507	0.009762832115751519	-0.348621631202987	1	1	1.1423069693522827e-21
264	48	-2.580428103884148e-20	0.2485370582170732	0.11150021179155536	0.04617944329786976	0.02163933552781458	0.010754522317173111	-0.25929158053424634	1	1	-2.580428103884148e-20
265	73	-4.232081274042408e-20	0.20351297467306453	0.0857057226457377	0.041501400947299885	0.023275931504489047	0.014000149182538286	-0.2175131238556028	1	1	-4.232081274042408e-20
266	72	-1.4382769666168672e-20	0.2720295064657215	0.09360293283592977	0.04536865404207184	0.02573307857512656	0.01547838700929309	-0.2875078934750146	1	1	-1.4382769666168672e-20
267	63	-4.488448258817009e-21	0.18701783023419646	0.10745377554440841	0.05433018021117354	0.027136404639827322	0.01355193876353818	-0.20056976899773465	1	1	-4.488448258817009e-21
268	32	1.4198561604121893e-20	0.11345072561342055	0.08035345619493552	0.04351458783272425	0.023788687113300056	0.013295089183873902	-0.12674581479729446	1	1	1.4198561604121893e-20
269	48	6.28877463653033e-21	0.1306373840209718	0.08096660124849714	0.04455546274085573	0.025291980963671773	0.014602113624447646	-0.14523949764541944	1	1	6.28877463653033e-21
270	49	-6.847397136540776e-21	0.23732800433379503	0.10851210506505883	0.048597917849816805	0.021702531338161815	0.010078437720985926	-0.24740644205478096	1	1	-6.847397136540776e-21
271	20	-3.5374516861389464e-21	0.14448824752137213	0.08296372062019924	0.04944433841667355	0.029503535588585695	0.017691566152511766	-0.1621798136738839	1	1	-3.5374516861389464e-21
272	35	-1.0347579181768684e-20	0.15524312731546794	0.0933502747392968	0.05394960183562701	0.03184299261915922	0.019067304832507247	-0.17431043214797518	1	1	-1.0347579181768684e-20
273	31	9.193687639401399e-21	0.20228159166904916	0.08982198820259915	0.04928809960540395	0.02747143717996198	0.015769299686718554	-0.21805089135576772	1	1	9.193687639401399e-21
274	57	1.680022401596714e-20	0.20144575964797296	0.10332201920434828	0.04799332795807305	0.02278689341403301	0.011744512083431642	-0.2131902717314046	1	1	1.680022401596714e-20
275	25	-9.041378891699643e-22	0.13714645242863271	0.0859209841882839	0.04604264550652545	0.024966629588077133	0.013600955247150836	-0.15074740767578354	1	1	-9.041378891699643e-22
276	40	-2.468696654919066e-20	0.1806023236132992	0.09454444306937487	0.05097358491989072	0.027983639385948188	0.015614286787094148	-0.19621661040039334	1	1	-2.468696654919066e-20
277	15	2.6105175010907845e-20	0.14966418016875813	0.041287859523296715	0.007167046459559219	0.009384881060870763	0.01933527705954483	-0.16899945722830295	1	2	3.915776251636177e-20
278	47	-2.897263192874182e-20	0.12890086830227312	0.09786092512454118	0.05613621476976854	0.03038599030202226	0.015641940666087376	-0.1445428089683605	1	1	-2.897263192874182e-20
279	56	6.665768135388854e-21	0.1516204752711196	0.07560395035535193	0.03971196143305283	0.02156762782843778	0.011955360116343593	-0.1635758353874632	1	1	6.665768135388854e-21
280	50	8.259584068957202e-21	0.1776694195075162	0.11328833645367979	0.05781559529619878	0.028028794208758485	0.013639735014744709	-0.1913091545222609	1	1	8.259584068957202e-21
281	74	3.9633302839672476e-21	0.2526563344014091	0.11121157954189535	0.04504151733058866	0.021394496820672577	0.011079137604762725	-0.2637354720061718	1	1	3.9633302839672476e-21
282	68	1.047850328234038e-20	0.16480270503704564	0.11217648412820858	0.055816284707415564	0.029175349057796982	0.01563549082120709	-0.18043819585825271	1	1	1.047850328234038e-20
283	72	-2.299261656110927e-20	0.26946069761707897	0.09936467695651542	0.04274308234054792	0.021305955250357344	0.011046595315706793	-0.28050729293278576	1	1	-2.299261656110927e-20
284	77	5.123014082368092e-21	0.21187974405855148	0.0795926692790578	0.03385897795872493	0.01930711981956165	0.01180388557178801	-0.2236836296303395	1	1	5.123014082368092e-21
285	86	4.3868138282234194e-21	0.29133255872888575	0.12043155035358204	0.04439660970757437	0.01935805280895984	0.008796429387640962	-0.3001289881165267	1	1	4.3868138282234194e-21
286	13	3.3911640769735825e-20	0.1646771946119373	0.09497138184321587	0.047317153944181845	0.021704153718461728	0.009514059209111123	-0.17419125382104844	1	1	3.3911640769735825e-20
287	26	1.2462802606778148e-20	0.1388659401289719	0.08676026415983835	0.050963245319793515	0.02950044884657252	0.016803276869214675	-0.1556692169981866	1	1	1.2462802606778148e-20
288	26	9.180191739507981e-21	0.39865100562122974	0.08222796094135132	0.032613450978375966	0.016288685451839053	0.008636043581096788	-0.4072870492023265	1	1	9.180191739507981e-21
289	59	-1.2794113294471552e-20	0.3653631757449047	0.08447930729001235	0.03842558164042055	0.019387613191467565	0.009798519414192105	-0.3751616951590968	1	1	-1.2794113294471552e-20
290	49	-5.271880459937828e-20	0.21881576545053713	0.1218168573705435	0.0516803895989219	0.022402964129227407	0.01015781196638614	-0.22897357741692326	1	1	-5.271880459937828e-20
291	87	-4.091144781362153e-20	0.21671538637093937	0.10022667124001662	0.047954996877397786	0.02340606608894891	0.011642280995984657	-0.22835766736692403	1	1	-4.091144781362153e-20
292	75	-1.3361198258498538e-20	0.13671011176005482	0.0837008128862214	0.04535467943391367	0.02591438728499248	0.01506668120810077	-0.15177679296815558	1	1	-1.3361198258498538e-20
293	73	-1.4818166857552706e-20	0.11167691851071194	0.08198255267394262	0.04636279683155168	0.02513828213452672	0.01305142287979182	-0.12472834139050376	1	1	-1.4818166857552706e-20
294	91	-9.210083344551508e-21	0.22662235310636553	0.1142795510232472	0.04718112068254773	0.022787901706070455	0.012104779909139874	-0.2387271330155054	1	1	-9.210083344551508e-21
295	83	-3.9551957941533556e-20	0.1601806939706132	0.084966175415769	0.044090644160872994	0.023447775464634196	0.013058513364422155	-0.17323920733503537	1	1	-3.9551957941533556e-20
296	85	-4.0584064832760995e-20	0.1640407529540717	0.1052080074484752	0.05283178081309385	0.02656614939467357	0.013745043759630218	-0.17778579671370193	1	1	-4.0584064832760995e-20
297	27	6.866090227825234e-21	0.30031463568616745	0.08477540569104745	0.040889934176923146	0.021881780209381235	0.01228270865883207	-0.31259734434499953	1	1	6.866090227825234e-21
298	82	4.130669898011298e-21	0.2917658349412994	0.10360488322102744	0.044687141809998866	0.021577623180530265	0.010477142163403317	-0.3022429771047027	1	1	4.130669898011298e-21
299	27	-1.0714351656824745e-20	0.19793408096352783	0.10511041386885259	0.0553260941880684	0.029420049420980525	0.015877748023159364	-0.21381182898668719	1	1	-1.0714351656824745e-20
300	50	3.123617695366077e-20	0.23927888973745337	0.0826135277681294	0.03830352382284771	0.020554763294617813	0.011800714060689277	-0.25107960379814265	1	1	3.123617695366077e-20
301	46	-2.2317331116131812e-20	0.23056325002166136	0.11124224364329434	0.051175178067503005	0.025371576383943592	0.013287673799153462	-0.24385092382081483	1	1	-2.2317331116131812e-20
302	18	5.382151279509914e-21	0.22008412781866785	0.10601151579605225	0.04597258319170848	0.02359709708272449	0.012245486377262119	-0.23232961419592996	1	1	5.382151279509914e-21
303	20	5.979629455030936e-21	0.3559354994349868	0.09514943777175826	0.040389674237781545	0.020803817630570737	0.011203432610222904	-0.3671389320452097	1	1	5.979629455030936e-21
304	39	-2.0054345410995806e-20	0.18929305346143813	0.08482475697110439	0.041025038704660816	0.021441181025609303	0.011413647354653979	-0.2007067008160921	1	1	-2.0054345410995806e-20
305	2	1.1210020863485714e-20	0.28086638476808073	0.09167282732585515	0.04905257116239268	0.025803358224259523	0.013228083065424582	-0.2940944678335053	1	1	1.1210020863485714e-20
306	74	-7.76639469185272e-24	0.1915110776238493	0.11660769170435017	0.052219281009052265	0.025179264930173167	0.012898531964381331	-0.20440960958823065	1	1	-7.76639469185272e-24
307	24	-4.412444193229364e-21	0.17853935996505155	0.09035359263906446	0.044657392399088454	0.02436994960794135	0.013813207136905738	-0.19235256710195728	1	1	-4.412444193229364e-21
308	51	3.19244262086283e-20	0.10525312238304298	0.08521262152468437	0.05099110292283381	0.02944551261364145	0.01636769583297633	-0.1216208182160193	1	1	3.19244262086283e-20
309	60	1.8330791095938535e-20	0.15651120658904988	0.07260099268052542	0.04159735739361569	0.02474926113492306	0.014629453995121071	-0.17114066058417096	1	1	1.8330791095938535e-20
310	51	1.2024100066037338e-20	0.24827907290147974	0.057701875923959346	0.018829114245220848	0.002289442402378501	0.006627631672192105	-0.25490670457367187	1	2	1.8036150099056007e-20
311	23	3.3457421480409084e-20	0.1557911558784464	0.09584288974901367	0.05982721469993709	0.0352934691092849	0.019932460408773903	-0.17572361628722033	1	1	3.3457421480409084e-20
312	66	1.60152608048906e-20	0.17027420753405853	0.09558487923664133	0.047262843331998476	0.024118136670794096	0.01187409574952782	-0.18214830328358636	1	1	1.60152608048906e-20
313	60	-9.411556975952938e-21	0.2724892398838953	0.12203952193686646	0.04682746537130739	0.020373583433767703	0.009581698569037081	-0.28207093845293235	1	1	-9.411556975952938e-21
314	25	-2.0972780770965107e-20	0.2100487929438909	0.1059293704834762	0.05619225268687398	0.030116465391445964	0.015874455987164974	-0.22592324893105586	1	1	-2.0972780770965107e-20
315	10	4.424680426443778e-20	0.18424976527419087	0.08957040336562877	0.04417895740179122	0.021282801304987668	0.009774993025523841	-0.19402475829971472	1	1	4.424680426443778e-20
316	28	1.296106596449009e-22	0.34761584053809014	0.10513026130360394	0.043667688300269264	0.02012916340885535	0.00971364513167583	-0.35732948566976597	1	1	1.296106596449009e-22
317	0	-2.050876522086612e-21	0.40496505605719224	0.10323516603000879	0.038023704133562326	0.017371054284708018	0.008152650165263316	-0.4131177062224556	1	1	-2.050876522086612e-21
318	44	-9.11271561392345e-21	0.2490984830236953	0.07142285325255221	0.03264531424510775	0.015452867814096329	0.005745735703368354	-0.25484421872706364	1	1	-9.11271561392345e-21
319	36	-4.6628282094418814e-23	0.18987210103677907	0.1004176631113846	0.05440466490782418	0.02894537149313475	0.015172702903423473	-0.20504480394020255	1	1	-4.6628282094418814e-23
320	36	-1.2617479397625281e-20	0.17876341340096794	0.07025524813242161	0.03946394757198858	0.023909026362982762	0.014523761042103957	-0.1932871744430719	1	1	-1.2617479397625281e-20
321	43	-1.3282724494074042e-21	0.13505285866312874	0.06706996976565084	0.03577496809437685	0.020047415263359725	0.011508296927418489	-0.14656115559054722	1	1	-1.3282724494074042e-21
322	38	-4.263864377946445e-21	0.15793578230255828	0.11083404077370745	0.05995954891359546	0.030664038349580754	0.015259429075227308	-0.1731952113777856	1	1	-4.263864377946445e-21
323	52	-6.97813839223735e-21	0.15398664879041585	0.07300882263454127	0.038024195629323576	0.020664417090319992	0.011823265102891589	-0.16580991389330743	1	1	-6.97813839223735e-21
324	57	-3.2159719441259085e-20	0.16799264827994909	0.08428701706760103	0.04586026183366352	0.025684450899063547	0.014738325525122121	-0.1827309738050712	1	1	-3.2159719441259085e-20
325	34	-4.8567929870547e-21	0.30356742299202666	0.09645661731662211	0.03908384290395416	0.01842320426893467	0.009366955294356345	-0.312934378286383	1	1	-4.8567929870547e-21
326	0	-4.1195258953646216e-21	0.16995197633124826	0.11174038326269961	0.05849163182474572	0.030140168803671766	0.015545548134360716	-0.18549752446560897	1	1	-4.1195258953646216e-21
327	61	2.4370776707149923e-20	0.20230889168602284	0.09665346555988305	0.04992710369024272	0.027705618046417878	0.015673474510655278	-0.21798236619667813	1	1	2.4370776707149923e-20
328	80	-1.560702481537169e-20	0.4071780616349182	0.10694933436064093	0.0326156667096492	0.013337782151851994	0.005977286457797105	-0.4131553480927153	1	1	-1.560702481537169e-20
329	75	-4.8071618661476426e-21	0.3850714493950553	0.095899241247746	0.037254885161431314	0.015509963956727314	0.00664497280726774	-0.391716422202323	1	1	-4.8071618661476426e-21
330	85	-1.9518367466561415e-20	0.3484386064473321	0.10434596156963612	0.03609484978727684	0.015880648658059746	0.007933100509070652	-0.35637170695640275	1	1	-1.9518367466561415e-20
331	80	5.9175069565344716e-21	0.42523395285086096	0.09338158101897553	0.03173612865781632	0.01453740748498	0.007177610966194441	-0.4324115638170554	1	1	5.9175069565344716e-21
332	23	-8.430684275494287e-21	0.17677702872509676	0.11241883452133583	0.055482568298211646	0.02835826198073773	0.014665572074161621	-0.19144260079925837	1	1	-8.430684275494287e-21
333	88	-2.5487172282488334e-20	0.49526398729775795	0.08721827756215	0.026958950389609722	0.009784032866902728	0.00335800132672634	-0.4986219886244843	1	1	-2.5487172282488334e-20
334	22	-3.647813231797553e-20	0.33312411842625045	0.07927724682735629	0.033535893629351436	0.017413490137771673	0.009483928076646513	-0.34260804650289695	1	1	-3.647813231797553e-20
335	86	1.3077540800274253e-20	0.21704631421656656	0.11314136656474406	0.05200838845275141	0.02519473334509226	0.012571261352822008	-0.22961757556938855	1	1	1.3077540800274253e-20
336	83	-2.952173734690294e-20	0.18726877628341526	0.10904260991636426	0.051662074495280014	0.02586044255381505	0.013519310029116363	-0.20078808631253162	1	1	-2.952173734690294e-20
337	63	-9.726201675838212e-21	0.3215550481099252	0.11098190167394054	0.043063386013660346	0.0185497274060367	0.008247742249354928	-0.3298027903592801	1	1	-9.726201675838212e-21
338	60	-3.6503587790847895e-20	0.19354913103120217	0.08007920752150674	0.042045751361596564	0.022982074305668267	0.012524555739881371	-0.20607368677108354	1	1	-3.6503587790847895e-20
339	23	2.6419247880356246e-21	0.26341263351788496	0.08529260074556096	0.04327750813445645	0.02437228180708373	0.01440549001481299	-0.27781812353269797	1	1	2.6419247880356246e-21
340	43	-6.43854142007625e-22	0.12965151915780254	0.09116248583304822	0.05120166978755189	0.02839619855825115	0.016009639921638105	-0.14566115907944066	1	1	-6.43854142007625e-22
341	28	-6.640547062340653e-22	0.33086820939975153	0.0908569617495668	0.044615515684550786	0.02391875449386976	0.013187761999528756	-0.3440559713992803	1	1	-6.640547062340653e-22
342	63	-1.82989121776907e-22	0.17753338957301665	0.08419905229698103	0.0416444435307871	0.023075506172426163	0.013287201823366951	-0.1908205913963836	1	1	-1.82989121776907e-22
343	79	1.6190809214717194e-20	0.2663658824302451	0.11316221767418566	0.04690458411664709	0.020998276523212175	0.00967769644207661	-0.2760435788723217	1	1	1.6190809214717194e-20
344	70	8.240915454965517e-21	0.18152725981239226	0.101155009328789	0.05531063811190471	0.028989176271896483	0.015013439047268094	-0.19654069885966036	1	1	8.240915454965517e-21
345	7	9.45164705556513e-21	0.23838808837522762	0.09573143720567984	0.03980537475083543	0.021106374774075398	0.012110299403722132	-0.2504983877789498	1	1	9.45164705556513e-21
346	36	-6.070823512794016e-20	0.14081599002305895	0.08511496746977043	0.047220153940158674	0.026544306114362117	0.014912569104050099	-0.15572855912710903	1	1	-6.070823512794016e-20
347	17	8.152311868067757e-21	0.12676636696539892	0.09184670985757397	0.052515507424568515	0.032127598513775134	0.020041260611142885	-0.1468076275765418	1	1	8.152311868067757e-21
348	37	-4.5108152378920716e-20	0.11674232431416864	0.08618617600635706	0.05024571900622351	0.027503147323433674	0.014796117111792895	-0.13153844142596155	1	1	-4.5108152378920716e-20
349	42	-7.417612189213447e-21	0.149181748596981	0.08398181077731466	0.042175959513876086	0.02029624412069135	0.00829393639654593	-0.15747568499352693	1	1	-7.417612189213447e-21
350	3	1.0227586093069842e-20	0.17424973430068444	0.09301154189376575	0.04271770094368952	0.018639218669682732	0.00523273581333956	-0.179482470114024	1	1	1.0227586093069842e-20
351	80	2.540013882061766e-20	0.17282640401253777	0.10810706702816761	0.05477786775836613	0.027069435950140032	0.013597194797494959	-0.18642359881003273	1	1	2.540013882061766e-20
352	87	6.079382542603909e-23	0.20345355355756256	0.12056429002856302	0.05464123865877122	0.02456214462895909	0.011766958592660965	-0.21522051215022353	1	1	6.079382542603909e-23
353	43	-1.2667370497121534e-20	0.1558287514803401	0.10055179313234998	0.05623299306711841	0.03173133020364235	0.017245593726032397	-0.1730743452063725	1	1	-1.2667370497121534e-20
354	77	-5.714919861989491e-20	0.17519811763667348	0.10417892671147524	0.052520422810501254	0.027618318828761663	0.015024633720076171	-0.19022275135674965	1	1	-5.714919861989491e-20
355	74	1.1912999250965118e-20	0.16957706107416815	0.09625801194581902	0.0519130752852297	0.02907135571130319	0.01645788344444846	-0.1860349445186166	1	1	1.1912999250965118e-20
356	68	5.252907804949818e-21	0.14697165845685106	0.09298883535294636	0.058175110884112785	0.03445147153807449	0.01927239080850327	-0.16624404926535433	1	1	5.252907804949818e-21
357	34	-4.154879600404728e-21	0.1559186541154982	0.0939733333914537	0.05657777643123946	0.033483874402913116	0.019172327623931628	-0.17509098173942983	1	1	-4.154879600404728e-21
358	67	-8.605019429633612e-21	0.12020795220080996	0.07852231833086032	0.04602139960371725	0.027146431554191625	0.016948575595481546	-0.1371565277962915	1	1	-8.605019429633612e-21
359	37	-3.574830651349797e-21	0.12456390916760636	0.0798638997041122	0.051842478120292176	0.031143331575924055	0.01821799425564522	-0.1427819034232516	1	1	-3.574830651349797e-21
360	53	-1.5774508692657218e-20	0.10201435455657921	0.07676793489207015	0.049717456065833485	0.030330523633103644	0.017609460595928366	-0.11962381515250758	1	1	-1.5774508692657218e-20
361	19	1.8494292605983346e-20	0.08247724558643749	0.05304062375233004	0.03468278950048906	0.021863993434738133	0.01368011160178912	-0.0961573571882266	1	1	1.8494292605983346e-20
362	25	9.712212049073057e-20	0.2306729404788411	0.1035322977138178	0.04635962159245225	0.022760363541515116	0.01187463546189575	-0.24254757594073684	1	1	9.712212049073057e-20
363	40	-1.176386053792108e-19	0.08459825467543776	0.06539052569975076	0.03906466736259323	0.02343193270137311	0.014295842452348589	-0.09889409712778635	1	1	-1.176386053792108e-19
364	49	3.197950304263169e-20	0.1740880794336757	0.09700905232627687	0.04944868176202649	0.026865501219444875	0.015196294441028711	-0.18928437387470443	1	1	3.197950304263169e-20
365	59	6.089548783524665e-20	0.13922230272480043	0.09158538401992487	0.047844184707819426	0.026035593552637924	0.014854471324330633	-0.15407677404913106	1	1	6.089548783524665e-20
366	54	1.4818768837485714e-20	0.16547214792505607	0.0941144279105342	0.05260177652752168	0.03073883778538667	0.018079125578146345	-0.1835512735032024	1	1	1.4818768837485714e-20
367	68	1.3292848964787709e-20	0.18053593391965173	0.1091587500914603	0.053141988279419024	0.02645776004717182	0.013590819304626736	-0.19412675322427847	1	1	1.3292848964787709e-20
368	67	2.3401011413956414e-20	0.171464968492788	0.08954559563456292	0.05082610049281782	0.029467037588137703	0.01725679326204035	-0.18872176175482835	1	1	2.3401011413956414e-20
369	81	-9.032457834672554e-21	0.2718173463712758	0.09157256917963479	0.043868774639068644	0.02344906926378333	0.012913839541751689	-0.2847311859130275	1	1	-9.032457834672554e-21
370	79	4.413426335547275e-21	0.20274273976989723	0.08797940038454127	0.04024832797578346	0.02009713143668714	0.01070590369186894	-0.21344864346176617	1	1	4.413426335547275e-21
371	95	2.2706745067033346e-20	0.2761269644296217	0.105145267553349	0.04613563600964566	0.02337890228250845	0.012019307757722348	-0.28814627218734407	1	1	2.2706745067033346e-20
372	84	3.5166719928873056e-20	0.2198969036474016	0.09980168990747118	0.052113326354069164	0.0288096734784562	0.015752856542154647	-0.23564976018955625	1	1	3.5166719928873056e-20
373	76	-6.233981607448261e-22	0.35649824551174114	0.10358049840546867	0.03759858763565685	0.017887492023338943	0.009200495907687376	-0.36569874141942854	1	1	-6.233981607448261e-22
374	86	1.4497358165206646e-20	0.32117311153796574	0.0986077934026856	0.04463755952872469	0.021922099927226036	0.010870358299995088	-0.33204346983796085	1	1	1.4497358165206646e-20
375	10	-2.0809931339437225e-20	0.18558755570202756	0.10242173108475011	0.05157490840472526	0.02799554260675753	0.01615336255966663	-0.20174091826169419	1	1	-2.0809931339437225e-20
376	63	5.960647478313029e-21	0.1670983042535484	0.10383322020695718	0.05883350964206078	0.03343006692687402	0.018273417981793133	-0.18537172223534154	1	1	5.960647478313029e-21
377	43	5.078386489354269e-21	0.1049496429166583	0.0857220743761612	0.05224211843278711	0.03045422179927884	0.017546800740014072	-0.12249644365667237	1	1	5.078386489354269e-21
378	38	4.095854572194918e-21	0.1370026658685362	0.0998491500726001	0.05682544394654777	0.03068992535496018	0.016395014874713048	-0.15339768074324925	1	1	4.095854572194918e-21
379	30	-1.713022906178397e-20	0.21823717838526158	0.08877906618126147	0.049714845889722366	0.028682984972717627	0.016516015463099058	-0.23475319384836063	1	1	-1.713022906178397e-20
380	48	1.3414186668535125e-20	0.4624452301617012	0.0952519389347113	0.031424842195009704	0.012607716891049992	0.005837166178747691	-0.4682823963404489	1	1	1.3414186668535125e-20
381	28	7.556554391376357e-21	0.14557824199633423	0.08427222749401982	0.04393739195466849	0.024035314636393	0.013614401646203471	-0.1591926436425377	1	1	7.556554391376357e-21
382	42	-3.118186385039698e-21	0.2677943719886273	0.11413585756215155	0.047435385437521085	0.021838038494069557	0.010789662833689465	-0.2785840348223168	1	1	-3.118186385039698e-21
383	36	3.331211867023037e-20	0.22442258457862696	0.10679015681889949	0.05440744205053141	0.027768750927318748	0.014022496689533837	-0.2384450812681608	1	1	3.331211867023037e-20
384	54	-1.3923782189147888e-20	0.2833035452415334	0.10686506937201322	0.04888685584585643	0.02496089724209047	0.012979711060002943	-0.29628325630153635	1	1	-1.3923782189147888e-20
385	26	-5.067543459887766e-21	0.2653650713156174	0.12140692808427066	0.051982479226814836	0.022862155678171084	0.010537606921419222	-0.27590267823703657	1	1	-5.067543459887766e-21
386	6	4.877187827163665e-20	0.16859166915814328	0.07675503565752681	0.04317163891556803	0.024888797999217383	0.014251602578514473	-0.18284327173665774	1	1	4.877187827163665e-20
387	53	-2.4824629430675235e-20	0.18908341218652863	0.0853962515841317	0.040799937779930656	0.0201904065685321	0.010186503595359175	-0.1992699157818878	1	1	-2.4824629430675235e-20
388	43	-6.250594292905824e-21	0.14205235121890303	0.1111887612881947	0.05915594263526257	0.031041697075855867	0.01653718668660515	-0.15858953790550817	1	1	-6.250594292905824e-21
389	14	3.8303527356847853e-20	0.112679440041904	0.07581763169872467	0.044614808677340585	0.026061777148592112	0.015333169092689409	-0.12801260913459342	1	1	3.8303527356847853e-20
390	50	3.781130667230827e-21	0.13860408299529112	0.10620569530171013	0.05568111898932897	0.027046426744031793	0.012959219168773378	-0.1515633021640645	1	1	3.781130667230827e-21
391	40	-1.2674410903517275e-20	0.17029483701943002	0.11138012532563929	0.05885274587030194	0.030800597606927868	0.01612376011419783	-0.18641859713362785	1	1	-1.2674410903517275e-20
392	29	1.2576281914188955e-21	0.1134242983439826	0.0705091959360365	0.04379490961215107	0.025744180716756264	0.015199983632107169	-0.12862428197608977	1	1	1.2576281914188955e-21
393	30	1.936419608106599e-20	0.3848992085240851	0.08537619934870916	0.027360136140182498	0.010181777039964592	0.0028114729654798195	-0.38771068148956495	1	1	1.936419608106599e-20
394	64	-1.0392954553666486e-20	0.41554989259525127	0.08024525621688025	0.038783219818502135	0.021439083544300557	0.012011631008849043	-0.4275615236041003	1	1	-1.0392954553666486e-20
395	75	2.476964572162807e-20	0.3171459892758201	0.09122065810701332	0.042710693829514805	0.022110981422488574	0.011411066030993323	-0.32855705530681345	1	1	2.476964572162807e-20
396	43	7.758029990063933e-21	0.23829350717614378	0.09103786165655066	0.04937209073138946	0.02794285532697831	0.01584726850198634	-0.2541407756781301	1	1	7.758029990063933e-21
397	51	-7.217548197634817e-21	0.21992262553417502	0.07852336832846799	0.0415514445634979	0.023380492523357162	0.013561130041151904	-0.2334837555753269	1	1	-7.217548197634817e-21
398	88	5.18461475523774e-20	0.2323445785631699	0.0933822207587346	0.044608610303987314	0.023830176351266153	0.013291218181841879	-0.24563579674501176	1	1	5.18461475523774e-20
399	33	1.965760485646356e-20	0.19573577615050228	0.09022476731318632	0.04603054445804072	0.02498228264653545	0.013602813880937708	-0.20933859003143998	1	1	1.965760485646356e-20
400	56	1.5032802837895386e-20	0.21585469126812942	0.08633492384133394	0.0461073872217944	0.026455179997781627	0.015541512476816689	-0.2313962037449461	1	1	1.5032802837895386e-20
401	31	-2.10346058210802e-21	0.20064257766748228	0.09817826109539209	0.05312030901514018	0.031035767160334286	0.017852505810096116	-0.2184950834775784	1	1	-2.10346058210802e-21
402	72	2.8253243471888096e-20	0.20900032867678717	0.08921521309418805	0.04194298720690272	0.022553926135447492	0.013167012820099976	-0.22216734149688713	1	1	2.8253243471888096e-20
403	35	3.1131631004203947e-21	0.10600016642496962	0.08097099156781794	0.05187222365859732	0.03203722633905391	0.01992775462516873	-0.12592792105013836	1	1	3.1131631004203947e-21
404	41	1.2807877956227495e-20	0.19189494956281608	0.0981381965555421	0.0540116111750552	0.03046549599810719	0.017008723308917846	-0.20890367287173392	1	1	1.2807877956227495e-20
405	51	1.5417058169573143e-20	0.17324977303943362	0.09561266055831898	0.04333246264174513	0.021139477389699846	0.011310447398678815	-0.18456022043811243	1	1	1.5417058169573143e-20
406	49	-1.7244307383681167e-20	0.2163288524597215	0.07806200099170761	0.04031133977716632	0.022464231864239646	0.012942037747268244	-0.22927089020698974	1	1	-1.7244307383681167e-20
407	67	-1.6917277450192334e-20	0.16275518566602495	0.07393148383029685	0.03388955560938564	0.014771168868742362	0.004606118842437664	-0.16736130450846262	1	1	-1.6917277450192334e-20
408	59	1.6373937669471462e-20	0.27197814200430276	0.07977138141435487	0.04911014793149295	0.030481679331386596	0.017778025521102088	-0.28975616752540484	1	1	1.6373937669471462e-20
409	26	6.657518777550715e-21	0.20434514825873054	0.103627425075407	0.0574158061397241	0.02951215641035612	0.014880871367663404	-0.21922601962639393	1	1	6.657518777550715e-21
410	28	-2.0806181945432103e-20	0.2411113958752864	0.09634521925322038	0.0413829643991169	0.01725908612732955	0.006198302547876115	-0.24730969842316253	1	1	-2.0806181945432103e-20
411	55	6.033698168357217e-20	0.29258609506418065	0.09815334153515695	0.04216666790058489	0.02069713149663073	0.010593161890446559	-0.3031792569546272	1	1	6.033698168357217e-20
412	29	1.3735677690027794e-20	0.19867513310395	0.11630718925590654	0.0560718926315712	0.027412254600859234	0.01438823893050855	-0.21306337203445855	1	1	1.3735677690027794e-20
413	35	9.411769144492468e-21	0.11052362500440083	0.07019713571257538	0.04121837849806117	0.02384484577449101	0.01375236455490053	-0.12427598955930136	1	1	9.411769144492468e-21
414	15	4.7853033673781445e-22	0.2422140517555743	0.10932689199929316	0.05257310328284155	0.026664973709513935	0.013373456039849348	-0.25558750779542366	1	1	4.7853033673781445e-22
415	50	1.4368817087679264e-21	0.25989545050774426	0.08739746933412676	0.042127198335346006	0.025084939395211836	0.016332955038516356	-0.2762284055462606	1	1	1.4368817087679264e-21
416	46	-7.456453455673239e-22	0.170900287466056	0.10944456393302401	0.05662248028058407	0.028820761295666054	0.01487483995209468	-0.1857751274181507	1	1	-7.456453455673239e-22
417	50	-2.04729917545198e-21	0.17645465784994488	0.10377853391440615	0.057010254041143765	0.03071822932031678	0.015741537333688223	-0.1921961951836331	1	1	-2.04729917545198e-21
418	43	2.3686900782356243e-20	0.47788270124740434	0.08282325559295704	0.0315430351734512	0.014293841098695715	0.006126504370276259	-0.48400920561768057	1	1	2.3686900782356243e-20
419	54	2.0153537542806543e-20	0.16340672933087888	0.083557375035803	0.04520041098795474	0.025159050072303252	0.014610972096301494	-0.17801770142718037	1	1	2.0153537542806543e-20
