,gt,ms_total,0.415715011931069,frac,local_max,local_min,2parts,1.11981880013218,1.25399414512947,1.40424621897166,1.57250131601899,1.76091653691066,1.9719074434962,2.20817902734762,2.47276038888146,2.76904357169161,3.10082704996542,3.47236442650967,3.88841896571572,4.35432466059898,4.8760546168179,5.46029763038399,6.11454394082117,6.84718125916584,7.66760230192662,8.5863252096342
0,97,0.11313334288272,0.272141586509459,0.085406107962775,3,4,0.33940002864816,0.027727234919945,0.002991444783395,0.003510708178473,0.003922715071695,0.003347324018532,0.003460963050029,0.003605797777976,0.003784236793872,0.004346651122781,0.004691417357104,0.005097698888931,0.005539761721283,0.005848419712306,0.006282856836169,0.005887669234838,0.004702427181147,0.003853799058624,0.005319024690077,0.009213192485543
1,89,0.073681858622063,0.177241274689113,0.03459148396991,3,4,0.221045575866188,0.039090374652153,0.001865225007462,0.0018090440937,0.001606629815386,0.001641743812091,0.001338191428901,0.001040232293173,0.000828714041125,0.000560309281223,0.000313512334817,0.000790079605596,0.00111315260004,0.000939158265511,0.001596492333146,0.001715236018813,0.00237644548583,0.00377657575873,0.005208319155822,0.006072422638543
2,98,0.161925506789958,0.389510847919073,0.125757587237029,2,3,0.323851013579917,0.036167919552929,0.004908602178497,0.00528450367957,0.005617712240155,0.005311637764553,0.005352480472672,0.005535865521742,0.005750445290831,0.005977179711733,0.006223559949548,0.006235470094511,0.006418863355453,0.006829467270208,0.007472905402952,0.008306989316701,0.008997375956226,0.009831965080975,0.01035888171833,0.011343682232373
3,98,0.056099974797568,0.13494815724112,0.047076535811881,4,4,0.224399899190271,0.009023438985687,0.002014118676645,0.00214366442244,0.001884979096814,0.00157670058457,0.001638635622275,0.00213963794895,0.002000088510939,0.001808419522949,0.001624583158944,0.000805620338657,0.002333229231906,0.005838164941225,0.006403595859668,0.004898840349916,0.004149677643674,0.003080605025511,0.002127124398524,0.000608850478274
4,44,0.115405503338455,0.277607255033625,0.03998566092848,4,5,0.461622013353819,0.075419842409974,0.002756152034421,0.003198843910821,0.002799306562972,0.001195300023884,0.001054251925053,0.001015042600625,0.001008561553329,0.001396930067507,0.001803040225395,0.002167536945026,0.002452424172944,0.002553003090134,0.002514929956956,0.002527280005204,0.002346825120891,0.002370042816685,0.002890629102074,0.00393556081456
5,8,0.170938525088858,0.411191610076379,0.052215172447979,4,5,0.68375410035543,0.118723352640878,0.005142129729016,0.004360745437082,0.005370065321237,0.005746652341857,0.00247869662467,0.001132323603193,0.000817627494111,0.001318447030784,0.001309204440232,0.000631442636099,0.001069489170889,0.001546733118034,0.00220621223256,0.002986608984976,0.003695478262346,0.003346650596534,0.004168484556254,0.004888180868106
6,19,0.238268970484446,0.573154597852132,0.230349655762815,2,3,0.476537940968893,0.007919314721631,0.004453241328905,0.006885798380489,0.008378370262918,0.01057934303218,0.012610043706859,0.014176977201251,0.015152791802917,0.01646072181791,0.017434745154052,0.01774985381579,0.015428902261591,0.013741805822264,0.01183631895523,0.01239733422323,0.012753183008277,0.013335022101778,0.01339868208312,0.013576520804055
7,8,0.105630205904238,0.254092834929312,0.042344245561054,4,5,0.422520823616953,0.063285960343185,0.005409416057242,0.00559563827777,0.003398619703466,0.003378074310739,0.004142610269083,0.002468245253273,0.002451484822203,0.002417286944747,0.001994482007772,0.002343518735763,0.002429104753742,0.00217728361128,0.000992664490131,0.000521974258785,0.00035602273959,0.000456651562021,0.000727528707697,0.00108363905575
8,2,0.119044862330327,0.286361711542103,0.093824419072088,3,3,0.357134586990981,0.025220443258239,0.002139531719481,0.001929231936045,0.002234590671393,0.002484230077359,0.002524660861187,0.002244363787839,0.000519405912544,0.001122346934821,0.001621768968635,0.00201453415373,0.003745638867502,0.004705702313269,0.007473832079444,0.009743292683797,0.011625595685499,0.012601643012026,0.013377777985251,0.011716271422266
9,28,0.092892980181994,0.223453513863957,0.026139065269052,5,6,0.46446490090997,0.066753914912942,0.003299171616344,0.001367247579391,0.001662657261618,0.001485044344094,0.000790963369845,0.000956113237496,0.000743196081102,0.000709536504673,0.001001717096224,0.001483368882932,0.001750646426118,0.00168339399897,0.001775019828076,0.001576811881199,0.001055208673389,0.001306045737734,0.001563581117574,0.001929341632274
10,58,0.301160718114437,0.724440324431617,0.256197571612415,4,4,1.20464287245775,0.044963146502022,0.003711752229315,0.003716905598781,0.003230092285308,0.0058288754658,0.010446044646954,0.015319224953898,0.023930028204463,0.035101040953494,0.020508569889477,0.008122413468859,0.010972403956705,0.013656368212762,0.015990058149334,0.018003914131954,0.019232053784834,0.020039619005677,0.018377371674675,0.010010835000124
11,14,0.183377097218657,0.441112521693258,0.106870546503111,4,4,0.733508388874627,0.076506550715546,0.009914173108898,0.007959863789958,0.009907967911872,0.011486060642282,0.008438111474263,0.007688575360281,0.008649400182504,0.006935781956978,0.006095546797876,0.005257475141346,0.002090921557153,0.001808118359166,0.002423562084679,0.0032078085709,0.004027911616326,0.005695276128465,0.002693365020062,0.002590626800102
12,41,0.069362332650414,0.166850680537644,0.041437436867317,2,3,0.138724665300828,0.027924895783097,0.000763045726094,0.000414028619566,0.000286066766358,0.00077542823993,0.001019077237755,0.001109510554321,0.002218571894695,0.002953011202835,0.004242092475662,0.004934990199108,0.003717342200918,0.001247926962311,0.001377752877152,0.001598639876986,0.002379610343729,0.003093953145831,0.004299035551704,0.005007352992363
13,17,0.117741350164128,0.283226120743628,0.047347057766347,1,2,0.117741350164128,0.070394292397781,0.000499258687623,0.000664823792632,0.00099509041704,0.001335488459955,0.001441420472302,0.001632034829234,0.001855566317004,0.002133948191436,0.002376379257888,0.002609971932608,0.002826011163006,0.002988291962672,0.003299236332007,0.003640980327154,0.003932853533444,0.004386199786234,0.004899747385727,0.00582975491838
14,15,0.109589564859478,0.263617049455142,0.090696404875077,4,5,0.438358259437911,0.018893159984401,0.012006997003314,0.00882824635706,0.01148700311768,0.016801007002969,0.006386453503316,0.003662969205623,0.003130063530062,0.001777973988498,0.002274469241731,0.001781472832062,0.002069973541129,0.003234366205441,0.002679548366412,0.001620906294206,0.001459945477129,0.002080487352258,0.003814064541942,0.005600457314245
15,32,0.135259653327452,0.3253662952876,0.061544386961025,3,4,0.405778959982357,0.073715266366428,0.009443464789432,0.009530582913171,0.008083664549844,0.007486084176722,0.007173547586395,0.005855263248319,0.001883777896944,0.0008288864127,0.000691764830003,0.00063112889846,0.000641600983256,0.000802129027276,0.001011625655642,0.001287682588743,0.001549298940786,0.001351216392521,0.001627744648473,0.001664923422339
16,45,0.086413306512747,0.207866697214859,0.052875069777474,4,5,0.345653226050988,0.033538236735273,0.003250480680123,0.003075900727624,0.002549244027469,0.002441136989149,0.00153970758942,0.000997214986043,0.001169425057319,0.000615103876604,0.001147896025059,0.001556758763949,0.001463223158935,0.001898077676862,0.004065635286503,0.006565021423169,0.00344318185356,0.004679763375701,0.005319626832242,0.007097671447744
17,0,0.050077723654662,0.120461667771009,0.023894913573889,2,3,0.100155447309323,0.026182810080773,0.000677403162189,0.000793252924188,0.000890317037342,0.000864370345337,0.000761914135609,0.00063453257703,0.000624201696416,0.000585013906139,0.000498061845861,0.000359463917539,0.000895196419199,0.001199567334844,0.001646987824882,0.002088482021035,0.002290046913421,0.002620275150589,0.003011416062505,0.003454410299765
18,2,0.031736457469419,0.076341860550086,0.021434049234967,2,3,0.063472914938838,0.010302408234452,0.00063919560967,0.00074953814717,0.000771930666739,0.000739882403733,0.000679773060491,0.000583602120009,0.000423419871752,0.000102690148045,0.000270393418872,0.000506057475833,0.000809041475285,0.001100251298682,0.001415594116635,0.001746475578709,0.002166565307663,0.002506574713391,0.002869994495761,0.003353069326527
19,3,0.041535587443626,0.099913609688246,0.028147460963932,3,4,0.124606762330877,0.013388126479693,0.000356444133741,0.000454962594188,0.000483308414216,0.000952262438983,0.000887738469418,0.000745677794773,0.000635131884364,0.000664798554443,0.000468889695025,0.000547404883533,0.000624304634502,0.001415594301794,0.002527489633039,0.0027993536422,0.003146036529534,0.003478205988321,0.003803820301023,0.004156037070836
20,8,0.111474731027067,0.268151805510337,0.05604098951924,5,6,0.557373655135337,0.055433741507828,0.005500261490503,0.004899126735555,0.003753158051288,0.005179024223141,0.003607289886223,0.001930967660776,0.001968789874939,0.001332869597183,0.001227387017736,0.001626917026804,0.001549642591307,0.001771706517669,0.004105383419267,0.008048047518511,0.005922386552225,0.001043799509454,0.0012487507465,0.001325481100159
21,5,0.086585348798314,0.208280543914231,0.036714394878209,4,5,0.346341395193257,0.049870953920105,0.002909190726231,0.002624363840645,0.003269238172914,0.003301677710186,0.003594836984095,0.002617239054362,0.002649698966875,0.002806895143091,0.002454682662524,0.001964585441732,0.002074666529645,0.001553019100713,0.000506621365024,0.000607569833457,0.000790207371546,0.000955251233725,0.00100751639204,0.001027134349405
22,60,0.096324429547531,0.231707844997194,0.065050421701837,1,2,0.096324429547531,0.031274007845695,0.001736824202261,0.001800806771561,0.001939027051031,0.002214199983906,0.00230655571422,0.00241848447213,0.002653099129306,0.002812797762755,0.002890973314391,0.003113176418137,0.00326037967281,0.003378932809288,0.003599952369481,0.004155586785053,0.004980442762906,0.006027076516666,0.007313945648643,0.008448160317292
23,29,0.267692060376636,0.64393166639126,0.221481900784847,3,4,0.803076181129909,0.04621015959179,0.00507200235278,0.003691150642144,0.005770632228865,0.006013000003743,0.006442193936043,0.006466663899505,0.006645322535846,0.011496352112124,0.015456514002064,0.020186674208826,0.021595219086738,0.013220738513808,0.016508825579657,0.018754799205167,0.019862957435039,0.02072285869361,0.008539008280362,0.015036988068526
24,26,0.096128279462709,0.231236007129441,0.071238286578489,3,4,0.288384838388125,0.02488999288422,0.000570533089717,0.000633282559076,0.001818922735768,0.002384042662832,0.002060930502939,0.002486013578347,0.003016419404183,0.003665802111392,0.004527619044891,0.003469991406969,0.001225947358004,0.001835747925914,0.003035050610226,0.003907578660475,0.005355730882832,0.008153211979611,0.010511045771141,0.012580416294172
25,12,0.247729476983225,0.595911790224937,0.107922581766008,2,3,0.49545895396645,0.139806895217217,0.004262571962247,0.006223387219775,0.006920444224974,0.004025767877468,0.003819795853402,0.003489479108716,0.003022483416807,0.002735190874077,0.003033150422698,0.003919786902185,0.004915457580364,0.006413088716692,0.00693659705397,0.007776726979653,0.008349528066862,0.009249121062936,0.010481067775926,0.012348936667255
26,51,0.036464304112724,0.0877146676598,0.0261579897769,3,4,0.10939291233817,0.010306314335824,0.002723927568387,0.002125655245616,0.00114619074433,0.001222398216814,0.000638252167478,0.000708488473212,0.000824478932967,0.000943145504795,0.001062280702667,0.000877084064739,0.000896631503562,0.001219801325788,0.001440303018287,0.001579983944721,0.001783605111936,0.00199983203628,0.002297634694997,0.002668296520323
27,3,0.033660011437004,0.080968958230898,0.024024929779326,3,4,0.100980034311012,0.009635081657678,0.000947119768687,0.001629518758359,0.001653904152271,0.000871095217401,0.000905420778056,0.0006635508138,0.00064762297586,0.00061455862775,0.000268026528912,0.000342398686711,0.000903645511119,0.001204951037613,0.001370730142733,0.001527983952703,0.001903297989077,0.002186730298221,0.002940748056588,0.003443626483467
28,23,0.122090823169606,0.293688752307676,0.047133142459028,4,5,0.488363292678426,0.074957680710578,0.011617265952467,0.008086503888,0.00492206642247,0.002500032146592,0.002616918121053,0.002724304065644,0.002809597590055,0.002574669916545,0.002359194195338,0.001085601559478,0.000942988911595,0.001017885866878,0.000758055580215,0.000702832625326,0.000577557829474,0.00060018018419,0.00053328919122,0.000704198412491
29,77,0.074728640775417,0.179759302961635,0.054165526843116,4,5,0.298914563101668,0.020563113932301,0.002391653549148,0.00240993593846,0.00215291020771,0.002549684585746,0.002730629154278,0.001723508171969,0.001544863958549,0.001957606770721,0.001699077140997,0.00246489989149,0.002820608023032,0.003112282774573,0.003331402214039,0.003708502688619,0.004183205877979,0.004777683171941,0.005095645492827,0.005511427231041
30,54,0.036959190562023,0.088905114083664,0.03222296354771,3,4,0.11087757168607,0.004736227014313,0.001086291955284,0.000583230641426,0.000922340502438,0.000926959165662,0.001014233671567,0.001038345060757,0.000681937180038,0.000293185797784,0.000766114159054,0.001099649063882,0.001598536709115,0.002202762703075,0.002806444197094,0.002910520037905,0.001546492095322,0.003353686849073,0.004566719346939,0.004825514411295
31,77,0.070522954223352,0.16964254886,0.051647840817947,4,5,0.282091816893407,0.018875113405405,0.002089922860616,0.002108537644572,0.001183838821828,0.000906032582372,0.001535418726059,0.00307724806478,0.003078318935384,0.002979911032982,0.002834056273355,0.003181724371282,0.002654869854256,0.002894935201577,0.0031237126302,0.003353174308245,0.003602601128656,0.003931221049534,0.004315977049778,0.004796340282473
32,86,0.101114420413547,0.243230139666722,0.056138467312404,2,3,0.202228840827094,0.044975953101143,0.001081725788785,0.001708930573166,0.002496213362847,0.002088191061361,0.001845491603112,0.001575981840069,0.001726821353116,0.001865603680831,0.002095160107822,0.002114991058521,0.002315258625338,0.002723752216899,0.00334946943962,0.004308358238305,0.004703391487564,0.005557059530341,0.00669057363566,0.007891493709049
33,36,0.069967185116052,0.168305649562767,0.042696684970188,5,6,0.349835925580261,0.027270500145865,0.000879621487365,0.000808457371599,0.000575685170082,0.001108226438832,0.002056637732798,0.001856451665769,0.001831103902257,0.002510873248815,0.002944159597342,0.003237719702334,0.002790784431359,0.003004235023244,0.003241771156234,0.003381084600877,0.003081961001348,0.003173521754395,0.003068307463036,0.003146083222501
34,91,0.113914781230735,0.27402133182918,0.075526196147611,4,5,0.45565912492294,0.038388585083125,0.004472833839655,0.003354325182712,0.004062444504776,0.003831915203822,0.004220747928711,0.002818999537083,0.001252184290351,0.002842100019618,0.003082869799226,0.003473032882211,0.003867167988494,0.004293581509165,0.004675003193396,0.004524653080784,0.005219432979739,0.005839894005649,0.00657084000356,0.00712417019866
35,25,0.073578993415055,0.176993833042659,0.035900424994853,3,4,0.220736980245164,0.037678568420201,0.001484015868327,0.001704256641673,0.001864261392169,0.002036967484169,0.001448757482688,0.001224235887637,0.001374628663872,0.001561434171166,0.001741782089993,0.001315660293626,0.000984244560373,0.00121314611659,0.001326526124665,0.00158716967298,0.002468336320811,0.003489563332653,0.004160326722095,0.004915112169366
36,83,0.045653607126347,0.109819481654699,0.031333000491056,4,5,0.182614428505388,0.014320606635291,0.000752957109397,0.000888860112603,0.001287302352788,0.001586545303145,0.001416800967005,0.001692733301066,0.001373647122844,0.001540899439463,0.00163579368099,0.001782537801143,0.001830122315279,0.001941918398825,0.001965351222183,0.001632794911961,0.001798159489323,0.002501765194501,0.002790633825457,0.002914177943083
37,26,0.153118070592832,0.368324612290453,0.142328525360327,5,5,0.765590352964162,0.010789545232506,0.000718852926987,0.000788502556807,0.001009755865316,0.001150356010669,0.001072974461473,0.001059811448539,0.001274713267204,0.001271870297544,0.002198518564003,0.005348536384549,0.009146002833433,0.013568644476761,0.018532481820743,0.01495282510682,0.016119494938753,0.01863639155055,0.018064540094097,0.017414252756079
38,73,0.135387992125131,0.325675013505598,0.110393027058989,4,4,0.541551968500523,0.024994965066142,0.005577251083609,0.003533402887749,0.001985125721722,0.001481627765114,0.00140345758777,0.001069811048208,0.000944316079586,0.001109191016665,0.002862485079931,0.001973778362402,0.003397523266718,0.002859399097482,0.004381258313109,0.008097991621117,0.011731022173053,0.017640972518211,0.020454890552119,0.019889522884425
39,86,0.111004179243986,0.26701989598199,0.08809251027387,3,4,0.333012537731957,0.022911668970116,0.003153285557649,0.003643927196496,0.003617388430281,0.003394054969442,0.002966688700327,0.003010815057798,0.003174878604151,0.003360318489872,0.004134220066885,0.004650971343304,0.0050901511774,0.005654186435508,0.008113417987266,0.009332249611044,0.008403228812298,0.006827053309209,0.004322585480629,0.00524308904431
40,83,0.111609245688322,0.268475379731603,0.055276312973923,5,6,0.558046228441609,0.056332932714399,0.004113313305071,0.004542783856846,0.003627223800016,0.005414002655428,0.005494533972803,0.004076774543583,0.004115779772347,0.004192442445707,0.000619701833188,0.001126723278481,0.000805262854458,0.000923936178443,0.001560630506971,0.002088841041363,0.002426116680335,0.003082400907171,0.003392358265994,0.003673487075718
41,68,0.111417144664695,0.268013281856585,0.078134782161889,2,3,0.222834289329391,0.033282362502806,0.005517116830965,0.006111541610419,0.006463260219549,0.00642440891337,0.00510185906708,0.002490025043258,0.001835587196903,0.00147232689638,0.001077650778897,0.002706750076314,0.003102335818024,0.003423643360969,0.003796374230502,0.004285658424968,0.004785029034545,0.005492767659635,0.006498124058957,0.007550322941154
42,54,0.075350521784065,0.181255234046153,0.053005733499161,4,5,0.301402087136261,0.022344788284905,0.001843879617006,0.001657188432282,0.001783810770197,0.001768535443055,0.001784919479737,0.001765012087129,0.001536817272261,0.001854589270537,0.001897751887144,0.002366581938904,0.001966566219028,0.000973742921742,0.001506198613049,0.002922883138079,0.004035378987535,0.005486300772407,0.007792340492713,0.010063236156353
43,90,0.056432727295184,0.135748591404106,0.048592912602021,2,2,0.112865454590367,0.007839814693163,0.00086338231438,0.000796194476253,0.000896796287386,0.001069480216184,0.001487092301512,0.00173190987776,0.001882274663065,0.00206497986301,0.002184327522861,0.002361951705484,0.002431174885547,0.002999652085543,0.003445366911076,0.004176613603687,0.00475755395787,0.005110912567303,0.005264897741954,0.005068351621144
44,5,0.037567469254153,0.090368324876327,0.01086991583676,3,4,0.112702407762459,0.026697553417393,0.000436566499223,0.000431171088324,0.000256602994982,0.000243765397607,0.000325594401128,0.000180858024993,0.000369084900366,0.000481225324677,0.000392523432018,0.000337962825108,0.000163730798642,0.000126418788662,0.000330653088131,0.000632102137356,0.001045873221468,0.001445119681859,0.001757692108486,0.001912971123731
45,45,0.104048959970161,0.250289157196502,0.065437579673557,4,5,0.416195839880644,0.038611380296605,0.001708182896707,0.002173411784054,0.002417937386387,0.002767313497277,0.003517877828209,0.003447752594182,0.003663469011584,0.003862214532652,0.003749509343168,0.004897514624226,0.005499275919738,0.006253626452083,0.006191428461315,0.002105170344256,0.002375298460434,0.002730609959339,0.00345190749287,0.004625079085075
46,46,0.090020937139335,0.21654483132849,0.072277670958669,4,4,0.360083748557339,0.017743266180666,0.002303372500713,0.00303606171316,0.002179360948355,0.001948808535941,0.000664025436157,0.000499443654047,0.000477372127332,0.000665834260018,0.001237698374003,0.001388011877126,0.00107761724644,0.002895430334078,0.004194602562183,0.006613147320721,0.009839055309493,0.013488187688429,0.012780347229373,0.0069892938411
47,0,0.180494750504981,0.434179053738162,0.092713363953974,3,3,0.541484251514942,0.087781386551007,0.003126096034394,0.004302404650536,0.002591033729856,0.00208491745218,0.003762822860465,0.004814802584095,0.005825608855626,0.006901783888448,0.007852717229045,0.008683573842282,0.009234801793239,0.008328549977023,0.006097090777141,0.004897470729933,0.004403355633934,0.00381775371425,0.003148318607554,0.002840261593971
48,1,0.063158983886747,0.151928561812964,0.039774541073918,2,3,0.126317967773493,0.023384442812829,0.001544666073752,0.001560015037707,0.001554070549116,0.001519042488741,0.001510363368425,0.001535947663285,0.001592231257552,0.001673133983245,0.001767517000645,0.002078144019471,0.002310729247738,0.002522764779291,0.002723658792953,0.002912680732908,0.003056017073358,0.003174993748365,0.003290771763305,0.00344779349406
49,81,0.144050815197503,0.346513383118789,0.04705285679643,5,6,0.720254075987514,0.096997958401073,0.003204316179785,0.003748056525367,0.004405526405788,0.0029092610899,0.00179753140573,0.001943344475133,0.001723529132657,0.001291370127951,0.002043241569402,0.001761409505641,0.000979154733593,0.001154116780316,0.001090385049114,0.001209340691243,0.002462874313006,0.004260530751329,0.004440612320569,0.006628255739907
50,10,0.075051323738445,0.180535514918787,0.06679077162145,3,3,0.225153971215336,0.008260552116995,0.005050676677973,0.007987696600925,0.007908367754454,0.007788932627249,0.004016606088166,0.001635566406909,0.001031662277492,0.000805153415781,0.000966379883913,0.001198731564263,0.001612282868381,0.002001360337396,0.002293996543699,0.002701668177244,0.003559362403892,0.005240955685066,0.006137294591503,0.004854077717143
51,10,0.03930670411046,0.094552044026203,0.027920989740494,1,2,0.03930670411046,0.011385714369966,0.000849193308961,0.000937011196561,0.001023674892798,0.001113436628742,0.001201727699132,0.001292285618018,0.001380815970142,0.001466674696288,0.001541735815269,0.001594023142462,0.001606705330222,0.001671484410013,0.001876811534306,0.001947030269175,0.002011898282167,0.002071972072703,0.002133965971211,0.002200542902323
52,4,0.074691001286572,0.179668761394058,0.047946001811756,3,4,0.224073003859714,0.026744999474815,0.001972860214314,0.001975263403911,0.00195624340925,0.001921338211643,0.001934540273805,0.001927443696929,0.001989353071125,0.002005526658151,0.002132394058875,0.002374716639135,0.002495712060703,0.002629041474685,0.002898926429191,0.003192739955215,0.00352579452007,0.003836347266767,0.00435316871207,0.004824591755919
53,12,0.073873059246848,0.177701206660049,0.057912363449243,1,2,0.073873059246848,0.015960695797604,0.001289382508798,0.001419458890477,0.001556501441886,0.001712485027116,0.001887841270395,0.002062727607752,0.002251592585391,0.00243863563277,0.00266536938647,0.00290949995411,0.003210094088013,0.003548043005552,0.003934196950233,0.004374418006194,0.004841026451266,0.00533871350103,0.005906726070977,0.006565651070813
54,68,0.101206714380598,0.243452152258046,0.073787732662132,2,3,0.202413428761196,0.027418981718467,0.004948287455831,0.005911536205553,0.007433423250413,0.008902918916074,0.002123624503511,0.000861283598092,0.001149731750699,0.001743162549296,0.00194202561428,0.002224334837438,0.002671601634027,0.00309191291832,0.003508510961806,0.003987807877778,0.00461273640996,0.005375176719071,0.006237754796509,0.007061902663472
55,3,0.203485328420444,0.489482752800335,0.152364091718242,4,5,0.813941313681777,0.051121236702202,0.010693798903663,0.003728802747068,0.004874238126062,0.006274068338151,0.004690318942585,0.0045874045843,0.011181138801863,0.012326288450281,0.01324599440102,0.012175249501153,0.011733678243968,0.012808723937241,0.011863139223672,0.005541651715953,0.00464559391571,0.005922484462752,0.007396428734241,0.008675088688561
56,10,0.13252608536931,0.318790713748111,0.07254881808281,3,4,0.39757825610793,0.059977267286501,0.00750028404464,0.007752627139417,0.007640331444448,0.006626527517816,0.006198189743823,0.006134655741476,0.005613838194293,0.004721751801903,0.003750479943644,0.00243508768454,0.002291070579669,0.002010689908079,0.001825592671864,0.00207533124903,0.002027572365324,0.001138236344166,0.001065534702967,0.00174101700571
57,26,0.127416741273387,0.306500216774742,0.057829593823636,4,4,0.509666965093549,0.069587147449751,0.006086712579123,0.007075654786937,0.009158974811567,0.009419965359169,0.009564412337763,0.004148471434426,0.00051351675913,0.00041411986981,0.000678684879445,0.001164212852489,0.001399379040904,0.001142838819486,0.001214454989283,0.001750621946221,0.001625371739797,0.001236552275736,0.000795986924464,0.000439662417887
58,88,0.071831183188316,0.172789485889978,0.054294464462121,4,4,0.287324732753262,0.017536718726195,0.002646610467091,0.002684763670372,0.001277551470511,0.001650445951478,0.00187114650965,0.001989884978949,0.001918225590252,0.002208198886759,0.002358768740921,0.002427054060515,0.002685956408735,0.003206391025812,0.0035967878126,0.004885356028105,0.00526958528202,0.00533857466553,0.004894216962194,0.003384945950627
59,44,0.068068783682085,0.16373905615266,0.053894156057605,5,6,0.340343918410426,0.01417462762448,0.000698700661117,0.001238694903815,0.001720511151187,0.002118569027689,0.002013854137312,0.002728403635537,0.003106964137235,0.002806752219176,0.00172080174956,0.001540463996171,0.001968695632966,0.002346342962041,0.002241600551621,0.003977419059716,0.005652987173697,0.005527498116181,0.005503857415743,0.00698203952684
60,29,0.069010695009024,0.166004818273118,0.022307083368483,2,3,0.138021390018048,0.046703611640542,0.002854954507458,0.002743555077065,0.002292530187817,0.001985983421408,0.001420525706831,0.001411843773818,0.000706128001539,0.000355470775168,0.000288371262777,0.000802084392997,0.001047196665663,0.001248686485752,0.001270157906121,0.001033156865717,0.000723806380874,0.000226422147251,0.000762917456033,0.001133292354195
61,54,0.089897906201884,0.216248881136845,0.024401103765662,5,5,0.449489531009419,0.065496802436222,0.002156498171781,0.001533274383072,0.001556411042895,0.000732638176417,0.000576818641245,0.000748934218224,0.000740062931084,0.000600199777525,0.00083189071217,0.000789213432823,0.001179716789983,0.001554430349047,0.001845850987236,0.002005811135871,0.002061213437587,0.002010687958829,0.001885830325776,0.001591621294097
62,26,0.069036407759937,0.166066670143208,0.044335427942778,3,4,0.20710922327981,0.024700979817159,0.004190463175649,0.004665600984779,0.0050891051801,0.005469924874424,0.005477099386984,0.003562017157155,0.002698059454501,0.002060386122195,0.001193754555399,0.001351150496902,0.00114162068505,0.000919662520399,0.000553123482813,0.000786879096328,0.000924496901104,0.001270991304699,0.001439023873851,0.001542068690446
63,53,0.130746898579689,0.314510890459178,0.041066872854631,4,5,0.522987594318755,0.089680025725057,0.001922188225475,0.001882991568439,0.002139196276827,0.002384304909237,0.002857450727085,0.002799813481012,0.003171048981443,0.004111661787825,0.003837405790375,0.001371582129273,0.001075131909173,0.001301113964021,0.001052660875111,0.001245561049155,0.001760456660242,0.002160845924568,0.002749610367139,0.003243848228232
64,26,0.113222820592711,0.272356824611099,0.080742385047757,2,3,0.226445641185423,0.032480435544954,0.003482967011455,0.003392467891206,0.004086691276374,0.00185058925518,0.000649273781799,0.001439054662538,0.001952998960026,0.002562282069323,0.003068753403194,0.00348860673068,0.003786530539838,0.004680830826596,0.005089217854694,0.006097782628334,0.006907773976985,0.00775314243342,0.009594608554022,0.010858813192094
65,49,0.102143323406478,0.245705159724697,0.088464722475018,3,4,0.306429970219433,0.01367860093146,0.001575765919593,0.001446685644564,0.00154043882723,0.001389650105484,0.001281744987638,0.001375879832283,0.001765872841089,0.002377986892138,0.002585455913874,0.002954974089833,0.003608112326675,0.005241908226235,0.008292532046131,0.011716465689422,0.011904317625032,0.011464511459384,0.008609936231462,0.009332483816952
66,70,0.088729588079397,0.213438498810115,0.075761697018853,1,2,0.088729588079397,0.012967891060543,0.001385394621386,0.001558514229664,0.001786329222696,0.002078861031998,0.002304570165168,0.002552795451641,0.002786341227962,0.003109417843148,0.003479165789562,0.003789517807921,0.004284852629974,0.004893696206962,0.00498757049436,0.005485578749456,0.006094066469776,0.006920071888951,0.008146625063164,0.010118328125064
67,60,0.253915818308158,0.610792997656435,0.077497788569741,4,4,1.01566327323263,0.176418029738418,0.016551886427112,0.011621340243861,0.006956112169141,0.006265547650108,0.007125942428005,0.00827191273104,0.003285205815847,0.002457842073266,0.002232995757346,0.002055314524359,0.001547012391631,0.001245309441563,0.001284827949237,0.001220582940869,0.001015219345865,0.001576600608202,0.00148621724117,0.00129791883112
68,48,0.124002702615292,0.298287766995176,0.05093732789658,6,7,0.74401621569175,0.073065374718711,0.00721980090935,0.008063177608789,0.00742854453333,0.004197232476506,0.00457385579789,0.004753367497339,0.003599949335052,0.00308537810061,0.00115933732108,0.000981428401633,0.00098530719596,0.000814547634563,0.000845644691036,0.000984121235013,0.000454195629262,0.000514207659262,0.000421053424302,0.000856178445603
69,62,0.060166158721677,0.144729338597119,0.043963046306215,1,2,0.060166158721677,0.016203112415462,0.000875409442646,0.00079063018095,0.000983917762169,0.001135056557194,0.00126360522144,0.001379566230701,0.001498187414455,0.001933969835466,0.002037627154886,0.002182594123366,0.002288558061258,0.002767306147183,0.003084973323187,0.003243223313424,0.003645560567187,0.004470733211085,0.005086854146223,0.005295273613398
70,54,0.132028838739009,0.317594589922822,0.05252241878045,4,5,0.528115354956036,0.07950641995856,0.005709118471979,0.005889898552243,0.006054640586002,0.003497827668035,0.002476490594281,0.002173706653878,0.00175273205892,0.001466524428954,0.001412852776745,0.001760793622493,0.001510276667031,0.00190344313031,0.002128328394456,0.00142296766426,0.00203841637658,0.002235424818661,0.003580604121118,0.005508372194502
71,19,0.055220524951057,0.132832645842034,0.044655996815348,3,4,0.165661574853169,0.010564528135709,0.001137210593288,0.001224849348566,0.001387986151191,0.001878835920419,0.001743207344363,0.001394010328967,0.001530589780977,0.001429835442809,0.001161876558126,0.001053844189224,0.001137986267402,0.001272325288389,0.002488576874098,0.003165512633095,0.003310168029376,0.004309040000187,0.007036098853614,0.007994043211257
72,18,0.033286911892822,0.080071469486269,0.026110362801593,4,5,0.133147647571289,0.007176549091229,0.000775502115257,0.000740840501882,0.000583037020162,0.000728966650448,0.000502209055933,0.00061160068371,0.000921165474606,0.001644653756113,0.00250547326909,0.002273859726948,0.00176332035041,0.001775224918903,0.00187219823497,0.00203788544404,0.002149556107074,0.001090452590353,0.001589824861617,0.002544592040076
73,11,0.028895867160445,0.069508837379288,0.02159859337929,5,5,0.144479335802227,0.007297273781155,0.000520343112405,0.000671447065714,0.000981157603759,0.001114193498245,0.001181841205672,0.00121862493179,0.00098076466452,0.001056240102871,0.001008324007897,0.000890328926909,0.001020080725885,0.001224919934373,0.001237466968651,0.001497900612611,0.001418208321159,0.0016156162607,0.002009226291566,0.001951909144564
74,20,0.047940858640782,0.115321451631222,0.041273903449566,2,3,0.095881717281563,0.006666955191215,0.001432666160266,0.0020316239406,0.002751171622497,0.003726460740911,0.0040068970449,0.003310022395558,0.003172453693353,0.001352611814218,0.001030741306649,0.000558666399968,0.000918876068661,0.001395095428448,0.0017096832732,0.002194938376347,0.002510818298105,0.002820029149355,0.002980526825487,0.003370620911043
75,27,0.040267141778599,0.096862371150735,0.017043912959114,3,4,0.120801425335798,0.023223228819486,0.001742049106961,0.001396606781841,0.000401448122216,0.000511866859198,0.000395854054979,0.00049922528566,0.000594404091363,0.000617807753638,0.000677183148447,0.00070145693627,0.000753137521689,0.000741901033947,0.000846919971477,0.000872330239446,0.000881859734765,0.001263749384797,0.001650887529161,0.002495225403258
76,27,0.027475729486523,0.066092704612455,0.023589650438383,2,3,0.054951458973047,0.00388607904814,0.000584135324339,0.000754278678747,0.00091111215663,0.001146802817854,0.00133190753349,0.000941070963615,0.000914315712206,0.000651775928639,0.000422016997769,0.000717012518472,0.000841130934103,0.00089392754136,0.001209992414523,0.001575221422055,0.002242133881037,0.002496991159599,0.002636925077956,0.003318899375988
77,14,0.089213614791433,0.214602822200287,0.065021073280764,5,5,0.446068073957167,0.02419254151067,0.002067540088766,0.002491207008558,0.003472500267507,0.001793829485881,0.002015276612733,0.002043964111806,0.001863139461605,0.002644932400192,0.002534920010106,0.003642146834573,0.003647886451103,0.004181931557373,0.004894893312609,0.005309547654643,0.005994353346155,0.006570809309411,0.005781074488043,0.0040711208797
78,8,0.062664695353059,0.150739553671566,0.026011478104757,2,3,0.125329390706119,0.036653217248303,0.001362356895593,0.001509394394297,0.001754075495284,0.001846775571426,0.001675833153124,0.001539118726773,0.001340189113267,0.001268585060006,0.001105929164258,0.000795968673372,0.000641699648588,0.000604944300319,0.000708060951209,0.000837415972827,0.001277918878517,0.001833213574449,0.002557006188226,0.003352992343222
79,14,0.063870845404893,0.153640940480359,0.033724159861417,5,6,0.319354227024465,0.030146685543476,0.001418647485461,0.001305404047496,0.001724574641432,0.001858971582712,0.001988714435688,0.002520649033437,0.003003230882026,0.002317295407345,0.002465716636342,0.002422529984166,0.002333558048506,0.002427409235111,0.002662874035691,0.001933511202945,0.000648398986977,0.000894795081108,0.0008864245714,0.000911454563574
80,62,0.030083127344134,0.072364784722093,0.024932192407837,4,5,0.120332509376536,0.005150934936297,0.000719964317416,0.000824383204272,0.00068377634676,0.000587130993726,0.000809850515279,0.000947240097841,0.001292184234687,0.001675651023466,0.00231898345968,0.002426429895124,0.002439861753163,0.001309184796465,0.001626079411445,0.00196292203869,0.001859895049887,0.000521101105187,0.000621856706383,0.002305697458368
81,30,0.365499951104652,0.879207968475425,0.360503343210838,2,2,0.730999902209305,0.004996607893814,0.002823416315049,0.004389008952298,0.006589582407516,0.008087119279276,0.011082383466268,0.014997427259059,0.018838862084483,0.022159387044998,0.024405348892777,0.02549868455421,0.026366143128575,0.027585255748353,0.029006578274729,0.030101883407334,0.02907351795436,0.027304333628506,0.026299516005159,0.025894894807889
82,41,0.298036629652673,0.716925348132704,0.28295115444383,3,3,0.89410988895802,0.015085475208843,0.006641641253566,0.009739261179203,0.011604826541002,0.014471205823414,0.016495975976292,0.017693867483266,0.019464258122605,0.020724253444915,0.0205610481311,0.020651658364656,0.021006837452309,0.021232893379673,0.021100256904972,0.014972794370982,0.013636909837198,0.013306298414838,0.01245448339934,0.0071926843645
83,27,0.328259761973998,0.789626913998544,0.292423402515261,3,3,0.984779285921995,0.035836359458738,0.008853305826595,0.012209746584137,0.016055713995656,0.019888290753731,0.023235326754581,0.022222176889764,0.023956032888221,0.024077817840899,0.025536267481823,0.023850980265002,0.022170998050214,0.017640151568768,0.015299307225431,0.013800285008862,0.010309879698567,0.007135182853291,0.004094281449317,0.002087657380402
84,43,0.051101442000067,0.122924216190056,0.042612794204403,1,2,0.051101442000067,0.008488647795664,0.000794767774761,0.000827316147414,0.000957078140115,0.001101807575669,0.001250404451733,0.001422527648665,0.001560102876931,0.001715328841208,0.00190892419329,0.002128977427475,0.002313003511187,0.002511872382586,0.00274463576085,0.003029101824356,0.003390437617808,0.003964936153828,0.004857615972173,0.006133955904352
85,53,0.157212231896856,0.378173093068201,0.140160036720445,4,4,0.628848927587426,0.017052195176412,0.007815143774328,0.009470622252307,0.010998118892582,0.010996746024374,0.01066913801439,0.011122837033059,0.00916104428337,0.009125811004834,0.009818995907149,0.008745570426489,0.007665156205269,0.006875984298261,0.006434784616524,0.004656166392813,0.00449166971355,0.004480061908179,0.004365824365694,0.003266361607274
86,50,0.056578059487823,0.136098187133075,0.012958520881766,3,4,0.169734178463469,0.043619538606057,0.00070319590905,0.000498249937814,0.000574489617836,0.000826560770703,0.001109077208615,0.000850400887046,0.000748478153093,0.000821524730098,0.000842725576379,0.000925076142111,0.000945906950237,0.000369062434095,0.000345340835169,0.000321088928631,0.000442627833719,0.000672217189614,0.000887188959548,0.001075308818009
87,38,0.045405666698417,0.109223062423221,0.038796812838253,4,5,0.181622666793669,0.006608853860164,0.001554127359926,0.002028625881155,0.001635769536653,0.001722437499623,0.002019286086992,0.002291665913369,0.002352299979916,0.00221762303695,0.00092640995831,0.001027978239091,0.001275555406697,0.00135622171379,0.002142671079017,0.003410221072333,0.004312567840843,0.002345609320498,0.002816372289653,0.003361370623437
88,22,0.235983112755567,0.56765598061851,0.111457974817989,4,4,0.943932451022267,0.124525137937578,0.004291775816453,0.005008506892944,0.005782765682615,0.006529996517508,0.006906825358318,0.00686692908671,0.006515872376894,0.007953121608547,0.008431028861599,0.008338738507236,0.007949753173441,0.006125467489875,0.006028074362901,0.006113519682127,0.005732632098115,0.005397468454963,0.005174462602099,0.002311036245646
89,100,0.094213282214995,0.22662949258762,0.06501084922219,4,4,0.376853128859979,0.029202432992805,0.001818049214767,0.002386176694216,0.003186829242645,0.003367747270555,0.001555777631945,0.002454607819331,0.003017829772161,0.003251297286188,0.003713260551177,0.004115198644659,0.004110419872277,0.001567432661357,0.000721969955241,0.003497584796161,0.004754828908233,0.006213267585272,0.00781939698054,0.007459174335464
90,37,0.21577493369557,0.51904532553024,0.148271152887557,5,6,1.07887466847785,0.067503780808012,0.006636886394887,0.005375511454243,0.005215835935932,0.008152699418689,0.007482152746963,0.007771256937075,0.00494470201024,0.005593842087975,0.005615102138395,0.004594389368768,0.004895226158859,0.004335543107226,0.005614263019443,0.007762112186623,0.010747148218557,0.014200843479042,0.01783691991135,0.021496718313293
91,92,0.137465512407349,0.330672476244718,0.085503898608074,4,4,0.549862049629397,0.051961613799276,0.005081186146513,0.004055292044754,0.003618036850852,0.003627016133661,0.004026207100013,0.003735162969468,0.003453898861698,0.003664781601368,0.003361607378452,0.00276302801907,0.002690866165115,0.003001767532616,0.003695709644697,0.004832433608603,0.007228290646409,0.009552660236564,0.009598557853958,0.007517395814262
92,81,0.142799714589112,0.343503868012323,0.074420559897586,4,5,0.571198858356446,0.068379154691526,0.00589338901111,0.006908573786662,0.007312876879478,0.006954175544368,0.004966398654466,0.004346528337073,0.00289493341582,0.00338039583596,0.001980158896264,0.00238320161237,0.004424988045232,0.005813488363794,0.001080086389511,0.002118602887097,0.002745003313239,0.003193220891841,0.003893201571649,0.004131336461651
93,82,0.106482680329785,0.256143457112973,0.046426356889357,4,5,0.42593072131914,0.060056323440428,0.004030031050358,0.00209085103501,0.002009742571658,0.002061474691389,0.001504963079791,0.000378653013896,0.002300738267164,0.003335410733357,0.00452480441824,0.002176478239537,0.002006249044097,0.002248067272259,0.002253953505232,0.003393477189628,0.002354073548932,0.00143900199931,0.002886301608483,0.005432085621017
94,31,0.415715011931069,1,0.325013108975213,3,4,1.24714503579321,0.090701902955857,0.020982699694181,0.025231051688736,0.02388590635336,0.019322238718926,0.020518980925227,0.021207791515766,0.01141332661552,0.004626663731471,0.004222450263629,0.005951157010269,0.007104897978366,0.015027511048805,0.017856111924011,0.021671793021691,0.02285780677516,0.024712433212343,0.028327109779327,0.030093178718427
95,55,0.108789694397981,0.261692965795567,0.082560125658404,4,5,0.435158777591925,0.026229568739578,0.004049357416296,0.005466529039832,0.007062048853479,0.008778415586571,0.01063152986745,0.012642619919506,0.00389282872928,0.003007425099806,0.002603390362082,0.00360230848299,0.002084975989845,0.002114965103163,0.001967241679096,0.001691759144944,0.002307420535693,0.002705057425102,0.003543547470059,0.004408704953209
96,57,0.066353737432552,0.159613522553171,0.029443217022244,5,5,0.331768687162757,0.036910520410307,0.001454002231888,0.000802045977554,0.000988458122248,0.000550006503627,0.000621682860692,0.000560677088857,0.000679471497705,0.000104540953709,0.000372787137052,0.000559676211826,0.000895506536373,0.001379903351955,0.001995450271401,0.003047519975425,0.003710872479935,0.004147565309687,0.004077495837624,0.003495554674685
97,25,0.117367308097603,0.282326364767081,0.056692833568875,4,5,0.469469232390411,0.060674474528727,0.002572766645574,0.001857430240199,0.002487363599374,0.0033638956861,0.00443400280683,0.004362696188077,0.00177470067955,0.001446263235572,0.002172117669978,0.001599114431668,0.001622580775307,0.000955643422964,0.001148377464793,0.002208653712349,0.004244321466656,0.005226748881862,0.006618519206836,0.008597637455187
98,97,0.108169386462347,0.260200818728872,0.085057440252774,7,8,0.757185705236428,0.023111946209573,0.003830550785264,0.004188520850211,0.003970576300973,0.005084020619061,0.00477898198242,0.005046040543717,0.005007795936642,0.004540105543393,0.004454282785069,0.004501862442152,0.00470895769871,0.004938599372929,0.004912923500723,0.004932326540106,0.004810226253701,0.0051150941669,0.004981975961421,0.005254598969382
99,85,0.102270322686862,0.246010655741774,0.082699576529982,3,4,0.306810968060586,0.01957074615688,0.002455369862506,0.002620218056349,0.002898370065936,0.003440404642767,0.00367972505571,0.004008289044395,0.004447907847535,0.004748659742935,0.004759342944255,0.005085681151865,0.005526876766274,0.006103226509982,0.006023177159321,0.005487379856698,0.005551694372637,0.005399667201211,0.005223482070453,0.005240104179155
