	gt	ms_total	1.851749424574581	3.4289759314122916	6.349604207872799	11.757875938204792	21.77264000279003	40.317473596635956	74.65785853287149	138.2476465782152	256.0	frac	local_max	local_min	2parts
0	9	0.5996878226104211	0.017940105568056215	0.008253682164891916	0.012605052060465749	0.021094309233624257	0.028146496140626046	0.08429771377010414	0.04361768149604373	0.229505580779453	0.15422720139715607	0.42752051564520877	3	3	1.7990634678312634
1	58	0.8919218607481336	0.05307281940587915	0.03492795998963613	0.05917909805491115	0.08960946293623122	0.09279531757898046	0.12176308357096753	0.18702253285126538	0.17357851629764004	0.07997307006262253	0.7588759712796319	2	2	1.7838437214962672
2	47	0.6555070963272772	0.0450392589406159	0.04426924055086735	0.0056946554878081175	0.07247947787386583	0.07345737486448857	0.06172028646718487	0.10882513997938496	0.05404411896558982	0.18997754319747182	0.4204902941891895	3	4	1.9665212889818315
3	46	0.8262583284744142	0.01476818160710921	0.013780855835412279	0.024288155069933696	0.021690457802277074	0.09153059575590335	0.2740755303082709	0.1433735882235506	0.19654727760789772	0.04620368626405937	0.7652864606032456	4	4	3.3050333138976566
4	79	0.39867813033549093	0.021652420857514502	0.008261209246687499	0.017974689826296946	0.03274671167288495	0.024000804862901896	0.06833784013709618	0.01983952362888727	0.09901601421983591	0.10684891588338573	0.2701767935945907	3	4	1.1960343910064728
5	48	1.19420793874297	0.02330215187934177	0.05682711181768983	0.020552067215948343	0.026723644732807906	0.050447410781303395	0.10214939358632716	0.2935597572696059	0.3132836998748595	0.30736270158508594	0.8635430852785424	3	2	3.58262381622891
6	63	0.4144151406604056	0.01781014923145286	0.011498897352870605	0.015965803138818513	0.02744129186964115	0.037270861639530556	0.04099334544419205	0.012370722084384353	0.1389755634713169	0.11208850642819859	0.2845164850007541	3	3	1.2432454219812168
7	40	0.6250879158226741	0.012773894494255847	0.03413611754117168	0.05021172495798942	0.023510005916041674	0.014061423148840234	0.0309026793609165	0.05991668270638865	0.241510708900042	0.15806467879702812	0.45424934253139015	3	2	1.8752637474680223
8	45	0.5853056319994174	0.04055750657272288	0.01887160496898002	0.02603463036461908	0.03414389401472657	0.10847813688654662	0.12188637103731742	0.09186748233393763	0.07868215669895129	0.06478384912161585	0.47996427630507876	2	2	1.1706112639988349
9	43	0.271487190640181	0.010860879435114853	0.004221882503503459	0.006809237529294354	0.013576960676410725	0.02654653476203709	0.038923726622465175	0.011277778004307754	0.08812524256665887	0.07114494854038876	0.18948136266467736	3	3	0.814461571920543
10	54	0.8270357804383698	0.007729178905969648	0.007252763143127908	0.02757267641330257	0.07688246183562829	0.12258688198385698	0.13956218028532114	0.13654926182747382	0.18903693493871992	0.11986344110496955	0.6994431604274305	3	3	2.4811073413151092
11	20	0.7157592327819914	0.02728807314695474	0.011240762047530096	0.014637881387351538	0.022738233012164794	0.02611628660848147	0.08148180493260271	0.21576021862106873	0.17381189299129635	0.14268408003454092	0.5457870796004958	2	2	1.4315184655639828
12	14	0.4127612511626976	0.021356268706412496	0.010006282286156692	0.01726439636387384	0.044833821301250035	0.06390646348376675	0.054594054878884135	0.11736418100138063	0.06871725239969365	0.014718530741279386	0.3766864517150057	3	3	1.2382837534880928
13	45	0.3782325364103518	0.050490778177734105	0.00805595891428973	0.033127975195347555	0.04095707129724637	0.031092193473863466	0.01196442779023816	0.03177604665754536	0.13259100598931045	0.03817707891477662	0.2895646793178411	3	3	1.1346976092310554
14	58	1.28557479922331	0.12636961203269836	0.0560262015071313	0.06852424215681883	0.18107705966549484	0.21296047102103796	0.10942539116431726	0.21243711477868132	0.23384369437212976	0.08491101252500047	1.074294174665611	3	3	3.8567243976699297
15	65	0.6977975569284532	0.029376627085068954	0.04527100427882752	0.03716711234735852	0.04698295259280853	0.08374523662081904	0.14715293424211834	0.08800278821443194	0.1029720208616754	0.117126880685345	0.5512940491580393	3	3	2.09339267078536
16	18	0.7293340319829489	0.06995693489967342	0.08041325552093154	0.13996247158587286	0.11213556583424064	0.16742801751675035	0.042042241956761796	0.02083812187780417	0.07568898594035255	0.02086843685056155	0.638508660232714	4	3	2.9173361279317955
17	69	0.36181716726073065	0.006858568258076057	0.016344331125009732	0.009932554577389093	0.06234738976914607	0.1008113802990849	0.041604204832389254	0.02218777466952157	0.09491656453236223	0.006814399197751748	0.34814419980490285	4	3	1.4472686690429226
18	52	1.155555585847557	0.020334992507698074	0.012036147457869283	0.02138266217795074	0.010847285706911167	0.012192133076411295	0.12559841605408528	0.3009064011717441	0.21831811225870304	0.4339394354361843	0.7012811579036746	3	4	3.4666667575426713
19	45	0.5805074874253281	0.010495551495762282	0.009634913740096097	0.014782312915599633	0.040001492744882655	0.0929838906527769	0.04848334060192303	0.1325761966312583	0.16096377788437438	0.07058601075865481	0.499425925170911	3	3	1.7415224622759844
20	71	0.5051328813115439	0.01758385909076897	0.015916686369270648	0.03253145146674082	0.03514460694219208	0.041411621253399804	0.07783424871890578	0.15090877460934166	0.06113183758404389	0.07266979527688029	0.4148792269438946	2	3	1.0102657626230878
21	38	0.9226385207871881	0.07017716396886714	0.08135556965745924	0.19078117051549154	0.0315659448456725	0.06303889192555219	0.13780790997070097	0.0515812516188202	0.2334580338141765	0.06287258447044787	0.7895887723478732	4	3	3.6905540831487524
22	56	0.3992080054539152	0.028650371560607256	0.024833718533382544	0.017327175949819765	0.012595513183343766	0.03628914418210803	0.09436130622955108	0.11064255767020688	0.026028594546145416	0.04847962359875049	0.3220780102945575	2	3	0.7984160109078304
23	39	0.466790773543623	0.027405354957980573	0.010334934159763904	0.017403781821540287	0.02773235056497228	0.04685112208885075	0.10468982416057629	0.05553613309102058	0.12337099980870733	0.053466272890211046	0.3859191456954314	3	3	1.4003723206308691
24	41	0.5184122325451277	0.009519585446887037	0.04577175932461219	0.05024151273026292	0.04605907006670822	0.06650515486199769	0.048204549381927114	0.03100886885414285	0.15156491515077242	0.06953681672781725	0.4393558303704234	4	3	2.0736489301805108
25	50	0.8011973728858327	0.056420437991406475	0.01385746312421524	0.0481675119003581	0.22399357131621692	0.018525648456527502	0.08532025727335331	0.22871970337093853	0.06681681428594474	0.05937596516687184	0.6854009697275544	3	3	2.4035921186574982
26	25	0.3448178723364937	0.0029481991354106197	0.0050661745451966575	0.01545188280926427	0.015968546120451444	0.030466901199886688	0.02539697418363505	0.04492411288201213	0.15207599273798875	0.0525190887226481	0.289350584478435	3	2	1.0344536170094811
27	43	0.32708393027499205	0.028681712225986408	0.014301771412458242	0.02576086368819269	0.03520567291322095	0.0209748053343086	0.02001584666553365	0.06797936209265346	0.03953177710803715	0.07463211883460091	0.22377009921440472	3	4	0.9812517908249762
28	24	0.8175574328330885	0.061076798270104614	0.08519610241854197	0.14063256980415978	0.010985460674196758	0.05389178727767335	0.0791836996326953	0.1509318942696779	0.17327375928413186	0.06238536120190691	0.694095273361077	3	2	2.4526722984992655
29	56	0.7616496082047479	0.08840447535374199	0.026366194234348966	0.03762758644396329	0.05954940937095342	0.09690410110614227	0.066554994829299	0.03906203346325045	0.250202950310109	0.0969778630929396	0.5762672697580664	3	3	2.2849488246142435
30	89	0.38127767459930334	0.03507337214677033	0.00817489734092049	0.003849001563378496	0.04599318217763902	0.045630627684736406	0.0849884058806889	0.09592035747608853	0.03546950050988215	0.026178329819199035	0.320025972633334	3	3	1.14383302379791
31	44	0.7551445171431033	0.12856407040549636	0.07412751260664502	0.08856311438959961	0.02664228348201151	0.030681181131508715	0.04830566937896397	0.10115527568136981	0.2279226679617667	0.02918274210574156	0.5973977046318654	3	3	2.26543355142931
32	28	1.4552950025879268	0.01327238016589995	0.01172596890603983	0.04196067415843699	0.05246012303450905	0.07353952696826094	0.2533044378094989	0.6472060411163191	0.250906789748302	0.1109190606806598	1.331103561741367	2	2	2.9105900051758535
33	70	0.8047992578198631	0.1249760585588737	0.04509594455152984	0.04134405786315537	0.12318100084336238	0.1176476620575162	0.12799577125193212	0.053403120789569075	0.15046087739888936	0.020694764505035042	0.6591284347559543	4	4	3.2191970312794522
34	35	0.2687084424092877	0.006135755126154684	0.009584449114537753	0.014071389060671777	0.023854053765384478	0.025376597924565418	0.03874883477275379	0.03320374311317384	0.05140894983181827	0.06632466970022774	0.1962480175829053	2	2	0.5374168848185754
35	56	1.036124517360813	0.051304682070810195	0.03808727959619739	0.09669244580167335	0.19279556294250094	0.1382197793104901	0.03327585811681255	0.28445789740408467	0.17011903336291842	0.0311719787553252	0.9536478565346775	3	3	3.1083735520824387
36	43	0.3841460759813954	0.007316423166029335	0.012171804200933821	0.01300647507549603	0.015074863992205222	0.029300292359299315	0.01758625163465207	0.06627543392345006	0.05227934810523568	0.17113518352409385	0.20569446929127222	3	3	1.1524382279441863
37	29	0.6067773693894383	0.034063428014262175	0.01857334765914253	0.026477197727249883	0.040037760991671376	0.056799345589695155	0.027332218810558306	0.16625337822212757	0.17661668456288965	0.0606240078118417	0.5120899335633343	3	3	1.8203321081683148
38	58	0.8183310236029591	0.0046487975451527126	0.03839926733023377	0.0452236529128538	0.03161427699783359	0.10101743817072523	0.1551408799063979	0.02369083306635858	0.2209632925909868	0.19763258508241674	0.6160496409753896	4	3	3.2733240944118362
39	24	0.6135932746953093	0.007195395737630501	0.008013257210700373	0.016802923919398447	0.029781369599004646	0.018802709831140088	0.050350965491410736	0.07695183595819202	0.29145098292269034	0.11424383402514222	0.4921540449325366	3	2	1.8407798240859279
40	36	0.5419844935932616	0.020223517739251535	0.010903934635604467	0.01666887561977122	0.02018610343553101	0.027729309845479805	0.047146828497609934	0.08715153277779021	0.15854364723550549	0.153430743806718	0.36833023204729204	2	2	1.0839689871865232
41	82	0.7610595449281211	0.07329055086306374	0.03493541832532689	0.07256536327990301	0.06887847855546728	0.05692162357050636	0.07679677098648592	0.052155433834079556	0.2779163130110617	0.04759959250222669	0.6401694015628306	4	4	3.0442381797124844
42	74	0.5718009380275303	0.05636184802570282	0.09058541942550982	0.033915851001393126	0.010562788802943132	0.02986748788525342	0.02845964643262378	0.10389666483931428	0.04167134398488288	0.17647988762990707	0.33895920237192045	4	4	2.287203752110121
43	15	1.070177715990147	0.046019283775598684	0.044898587839781276	0.11654434717536866	0.16044222313751721	0.06893728681740219	0.04312810130866408	0.19911010175289004	0.3193615693162451	0.07173621486667993	0.9524222173478686	3	3	3.210533147970441
44	23	0.5292954697398491	0.018545387322155844	0.008421443026585193	0.018691367278503505	0.02699950368687727	0.04062876076696287	0.07603449705021315	0.10186394560193854	0.11371365699395561	0.12439690801265707	0.3863531744050362	1	2	0.5292954697398491
45	56	0.9070527043817869	0.024610583504529847	0.0489976507331587	0.12342698167842153	0.11938129836038684	0.15154073357641346	0.08529921688351046	0.04341181130728324	0.1770036828748185	0.13338074546326428	0.7490613754139928	4	3	3.6282108175271475
46	72	1.013177378419197	0.12184270867404468	0.22680664437690107	0.047115576039197096	0.05349067867126445	0.02964909412479455	0.10806016365971174	0.20745118399627113	0.03131159101812271	0.18744973785888974	0.7038849318862627	4	4	4.052709513676788
47	57	0.26629676489850534	0.050843060452599335	0.024842155106388722	0.017343088556839664	0.030437917472146546	0.006442554720754363	0.04285794716507606	0.05520937566636308	0.0052550725953578094	0.033065593162979724	0.18238811128292629	3	4	0.7988902946955161
48	39	0.3463248104526295	0.015881337557009403	0.00771053448457932	0.011015571999027533	0.004299721677866939	0.00791995918778319	0.043046352912932434	0.04677811392764333	0.07609027936013711	0.13358293934565021	0.19686053354996988	2	3	0.692649620905259
49	85	1.240260878370323	0.031186241371822257	0.019109734414552645	0.00842656691789493	0.07423411431418236	0.08814216230078364	0.045448053558057776	0.19840151804979814	0.33687591555949936	0.438436571883732	0.7706380651147688	2	3	2.480521756740646
50	16	0.581885740456734	0.02068406448728872	0.10052431018604592	0.006774087939576154	0.039054048011431475	0.009237823548445847	0.021657966464491103	0.013094909620248663	0.0894308358643821	0.281427694334824	0.27977398163462125	4	4	2.327542961826936
51	73	0.900725519150191	0.02956028508616062	0.01571423565399176	0.01929440408822602	0.03133535479311022	0.04252215009269428	0.04416637727241615	0.29340737787407656	0.2601462282883228	0.1645791060011925	0.7065861280628378	2	2	1.801451038300382
52	39	0.424101623883362	0.008129072645907905	0.06701120709698924	0.018293766571848863	0.08234419554392923	0.03496080654632074	0.07601618571507068	0.05662971946787772	0.05850687786503793	0.02220979243037967	0.3937627588070744	5	4	2.12050811941681
53	34	0.5975418984435015	0.024369414011301216	0.013121228194798731	0.012535000741575153	0.024247066142666734	0.05004910946880025	0.05833400993760425	0.08905163689800268	0.13950687773782575	0.18632755531092676	0.3868449291212735	1	2	0.5975418984435015
54	13	0.7966164747707708	0.04492772969613941	0.050653316344025937	0.06528200715307236	0.06353900093321452	0.07504394938830361	0.10152627365442002	0.07449569902606462	0.24203680229714905	0.07911169627838127	0.6725770487962501	4	3	3.186465899083083
55	75	0.9547784202843963	0.05610944699320712	0.02852520143993434	0.036913360692234554	0.01382880469405365	0.11525295963974361	0.15686567532346146	0.17146777710500316	0.10299530791480563	0.2728198864819527	0.6258490868092366	3	4	2.864335260853189
56	68	0.375005387652748	0.01805213302475888	0.010995534842216673	0.017920734252399144	0.025669221840716943	0.014830635736506906	0.04676858501063205	0.11921135011302664	0.058078908592042844	0.0634782842404479	0.2934749703875412	3	4	1.125016162958244
57	48	0.38290738415993636	0.04431376485289418	0.06078896173029542	0.05675170568170467	0.03649257237779099	0.02039853046578586	0.009935109461604768	0.026293750249409654	0.040310498230695976	0.08762249110975483	0.25097112819728734	2	2	0.7658147683198727
58	62	0.45799262719833966	0.04435074487917687	0.013828674710889794	0.026806347130039022	0.043717814486791975	0.010891569236264586	0.01630411414401611	0.06971655219010539	0.016589583728796098	0.2157872266922598	0.19785465562690296	3	4	1.373977881595019
59	58	0.8639016441001224	0.02287064765752623	0.008916842500877287	0.019681699366500667	0.11666958993837592	0.10217305383908169	0.08489097065666149	0.3295522141906655	0.01368884188786356	0.1654577840625701	0.675573212380026	3	4	2.591704932300367
60	82	0.42843681825119206	0.03161535145722243	0.01499447892988817	0.017622338578561884	0.02001257853955716	0.0014152045441578236	0.053320923292009395	0.01530462336255712	0.10276936669809944	0.17138195284913865	0.22543951394483097	3	4	1.285310454753576
61	65	0.29354538733825614	0.015829098246746224	0.010857745125690179	0.020076934039036997	0.026631080352382822	0.006848948665082354	0.08091279048151398	0.04136152593281759	0.042980157494481724	0.04804710700050426	0.22966918209100565	3	4	0.8806361620147685
62	54	0.6974353402217663	0.01828568327619891	0.012942715502930618	0.023335138157317283	0.033010380276491516	0.053487976580261457	0.2087903759883104	0.08475308262709699	0.05968732806487998	0.20314265974827928	0.4760069971972881	2	3	1.3948706804435327
63	35	0.7522342312211041	0.039345549282215765	0.1011068922661352	0.15211599691211244	0.07709588522603715	0.04110633413887531	0.01891640522640336	0.18692856474643588	0.04379152010771509	0.09182708331517389	0.6210615986237145	3	3	2.2567026936633123
64	30	0.5947714483730354	0.012966857063973884	0.012681602234845697	0.03875256684343531	0.15391423875172222	0.039433190766229684	0.02773128617328337	0.1497226970239142	0.10113840612702368	0.05843060338860734	0.5233739879204542	3	3	1.7843143451191064
65	48	0.6440464974212619	0.01222817363924214	0.003761803892384846	0.01079082641205663	0.0017465630007446533	0.07868496581510115	0.114438648923454	0.11659076358140158	0.09161270333262234	0.21419204882425452	0.4176262749577652	3	4	1.9321394922637856
66	36	0.9550360024862439	0.24634662925625694	0.005689989405488847	0.03058761533837486	0.020757613281275844	0.06713621785457213	0.12523920543497663	0.17037571006282543	0.16672690539091323	0.12217611646155985	0.586513256768427	3	3	2.8651080074587316
67	58	0.49640930243414416	0.02582472648701994	0.011651834595377006	0.018813706426799325	0.035644266263706065	0.04541836083278468	0.06125815871168145	0.022106705888290498	0.10479450870568116	0.17089703452280403	0.2996875414243202	2	3	0.9928186048682883
68	40	0.9383780568908825	0.03654805546406429	0.01994879944831919	0.025703447290274357	0.043121430645524705	0.07102459253615992	0.02645164151816947	0.1377503870986813	0.33079745825127027	0.24703224463841894	0.6547977567883994	3	3	2.8151341706726476
69	21	1.1915155048207438	0.07624491363363495	0.012381542959094586	0.11934122407481915	0.1628847048004642	0.1415246505032967	0.162021785103702	0.06265280627568379	0.2045219129764769	0.24994196449357142	0.8653286266935374	3	4	3.5745465144622313
70	73	0.4761117975163158	0.019385326317217316	0.01399239775969887	0.027246269882663703	0.028402817310811405	0.02524080051661555	0.08011224929170789	0.17625253468025295	0.037114519466757756	0.06836488229059043	0.388361588908508	3	4	1.4283353925489475
71	28	0.5191972933297179	0.0075978285836001275	0.006631374959829097	0.01179817475617899	0.016892737025290223	0.02394330160518316	0.02005003591111712	0.0944477040238402	0.18950895876242513	0.14832717770225382	0.36327228704386394	3	3	1.5575918799891535
72	60	0.663615752515947	0.05480881329588956	0.02172052262040656	0.020103834296240575	0.024956042006316518	0.02196184031451183	0.0492430300183496	0.07464708471932553	0.1022992651751373	0.2938753200697695	0.31493161915028783	2	3	1.327231505031894
73	48	1.016038898461737	0.03293999680078366	0.007739703974799263	0.008902484257962471	0.13612912541588607	0.3431994831863475	0.20610957690899817	0.040937032591986555	0.08105218912087257	0.1590293062041007	0.8240695954568527	2	3	2.032077796923474
74	54	0.2735000145841324	0.04223572892361693	0.011346075373900488	0.022230004566319864	0.0337987298809329	0.03618396442949763	0.019989765908345492	0.06308330164256859	0.036120456322253	0.008511987536697574	0.22275229812381792	3	3	0.8205000437523973
75	25	0.6924608435869752	0.008172567028711072	0.053052707480931716	0.06854347228885438	0.08349877973626071	0.09249431659882831	0.04267618291468357	0.08487166932989501	0.18556497618584228	0.07358617202296822	0.6107021045352959	3	2	2.077382530760926
76	57	0.8444884844446592	0.047453153464930155	0.005643971112942564	0.015770312089991065	0.09080850356445515	0.1317987008316042	0.15233407792527956	0.11882536621292893	0.11127303413803467	0.17058136510449284	0.6264539658752362	2	3	1.6889769688893184
77	69	0.5596607978563728	0.01320880295295422	0.01073816652926781	0.017186813398546816	0.050181746690514645	0.06060470840094248	0.04279699251917179	0.14938809890354146	0.16253073756194253	0.053024730899491106	0.49342726400392745	3	3	1.6789823935691184
78	81	0.43714386977998554	0.035346147858986085	0.016254566169136966	0.02023127755763529	0.018817776492415103	0.0324471953315003	0.07832810394968447	0.024434044317661555	0.12344377054355071	0.08784098755941502	0.31395673436158444	4	4	1.7485754791199422
79	64	1.129692969522644	0.016784401273619624	0.0585014033815274	0.033141859289824355	0.057191634097322024	0.0800984036801333	0.11839780541964821	0.35565383912473403	0.2197516289760268	0.19017199427980852	0.9227365739692159	3	2	3.3890789085679325
80	31	0.5342191861397174	0.0015562430271889994	0.003990716581420962	0.004965900058677433	0.004200493872105711	0.04366281782940254	0.06698550651836956	0.06340048097498499	0.19313329824358727	0.15232372903397987	0.38033921407854854	4	3	2.1368767445588697
81	28	0.7109124632648155	0.0024804592758213635	0.01638497236190496	0.09970295870904247	0.08921514868987006	0.07336101172512333	0.036502083844475716	0.13133230117972605	0.12382532459674202	0.13810820288210957	0.5703238011068845	3	3	2.1327373897944466
82	17	1.175550335869066	0.39498698709983	0.15052523830974565	0.0225299416019899	0.008802927254804449	0.016226103573939575	0.05023748676344725	0.15510780064726007	0.3091395770411003	0.06799427357694872	0.7125690751922873	2	2	2.351100671738132
83	39	0.7452007586611711	0.011555757776981493	0.006989842946227502	0.008079385218452629	0.007862534828537951	0.14147017075936658	0.12016227451210701	0.04556454540655501	0.3080550485212113	0.09546119869173163	0.638183802192458	4	4	2.9808030346446843
84	44	0.2790616772944042	0.012875162719315759	0.04048584064913412	0.03890713410017483	0.011276603246513972	0.019243454401078	0.0596272168090382	0.05257230293010143	0.03915992921916683	0.004914033219881053	0.26127248135520736	3	2	0.8371850318832126
85	100	0.5601378561149575	0.023794488039449703	0.02710652136309795	0.033591591300084864	0.04768490265197169	0.02326521111800147	0.04995569928533696	0.12447260308900038	0.07877997383227667	0.1514868654357378	0.38485650263976995	3	3	1.6804135683448724
86	39	0.8134643181844854	0.04829591911715082	0.08255455648950608	0.020143635913941714	0.06833916186427576	0.20504113902284246	0.17273208056039854	0.15145400308795248	0.033030196253302904	0.03187362587511451	0.73329477319222	3	2	2.440392954553456
87	86	0.5951027363415226	0.04568786959655846	0.02929874071119147	0.04198546449384287	0.05226473522895872	0.048162831868183015	0.08356612448058937	0.04278853045071834	0.12065497688646884	0.13069346262501144	0.4187214041199526	3	4	1.7853082090245675
88	33	0.4483032236894711	0.056014264928182435	0.014231381662326709	0.01866364014173672	0.0322566989277422	0.053887625535879155	0.05392358278764091	0.112328148759258	0.037630111114714385	0.06936776983199061	0.32292118892929805	2	3	0.8966064473789422
89	91	0.2958647917872961	0.02150768336401611	0.018404874382993475	0.004636932165412862	0.027323987530155802	0.060784846181683394	0.01904313535353487	0.03678069248152065	0.04663553268660464	0.06074710764137425	0.21361000078190573	2	3	0.5917295835745922
90	19	0.4712958174468973	0.02077107135411364	0.004258296499460834	0.02028205745157262	0.02393893092112306	0.029329242500206333	0.09238043421820098	0.06726794692930593	0.05637820909910987	0.15668962847380402	0.2938351176189796	2	3	0.9425916348937946
91	71	1.3365083880703412	0.03688409225406746	0.021328244014018	0.08129641717516187	0.18904699226345514	0.523414513027887	0.06141168773891516	0.22484262586352238	0.10596924749441518	0.09231456823889891	1.207309727577375	3	3	4.0095251642110235
92	11	0.7073618765607366	0.0081394239720631	0.0049222114708391065	0.012714205375973377	0.04891480282976676	0.1261694830616126	0.10601773784367875	0.19262606238885321	0.01497538447636089	0.19288256514158877	0.5063398874470847	3	4	2.1220856296822097
93	51	0.4622098181600521	0.019290874205629728	0.01285826228212127	0.016824235781169945	0.02035204193524668	0.033108777906975265	0.013721450509917299	0.11114060184244794	0.1623114478872818	0.07260212580926217	0.37031681814516015	3	3	1.3866294544801563
94	34	0.9209169876016	0.006808331763445435	0.01736566260998358	0.06178588459613629	0.0740539810884726	0.13855011995536037	0.1423217337915772	0.08195845448409785	0.12664956916737485	0.2714232501451518	0.6426854056930028	2	2	1.8418339752032
95	60	0.40240836542448033	0.040261921053869526	0.01508158842066442	0.006061219994204802	0.08536331110963896	0.019969965518562456	0.08016459332675359	0.052472519736592435	0.09480370404463968	0.008229542219554437	0.3539169021510564	4	4	1.6096334616979213
96	38	0.4907349493375406	0.04428352998616689	0.07792591085249286	0.06953775174334803	0.05629643746464855	0.044984358654712425	0.0575823919819424	0.08608791670116317	0.012685407022861065	0.0413512449302052	0.40510017442116847	3	3	1.4722048480126217
97	54	0.2828163065103605	0.028588448057912413	0.011670031499251901	0.017680365561056822	0.02739466685250595	0.050054285949096555	0.06969622686174592	0.027438940991589354	0.01221984202243195	0.038073498714769616	0.2161543597376785	2	3	0.565632613020721
98	77	0.9038400934901812	0.03478103049813071	0.018768896793087842	0.0224591054827945	0.028833182216796274	0.10580611098236886	0.024094143423493614	0.2638482996096456	0.18134925848291278	0.22390006600095108	0.6451589969910994	3	4	2.711520280470544
99	32	0.7347546610800224	0.08353267890558078	0.0409826387118889	0.059043794324657006	0.10305062838592338	0.06535461480099963	0.07854932602176463	0.010820153426571767	0.1279756096556418	0.16544521684699462	0.48577676532744696	3	4	2.2042639832400672
100	59	0.9211804566110814	0.11314840208182256	0.024118699228466333	0.02535699857332458	0.038769528710591215	0.08814716836901298	0.15545193046695027	0.1093555923391365	0.1869128827517773	0.17991925408999968	0.6281128004392592	3	3	2.763541369833244
101	70	0.3504578211707792	0.07120630137957548	0.03856555875256071	0.044168394794979235	0.03641421009006653	0.026198855359693497	0.03159751562396727	0.05685509877513432	0.03546103306825577	0.009990853326546426	0.26926066646465735	3	3	1.0513734635123377
102	25	0.258096746520939	0.013601412967985903	0.0009537773333668499	0.004546158114610341	0.02700124206388308	0.03174770666692453	0.0552874402980714	0.010896828253908506	0.06757254742241746	0.046489633399770906	0.1980057001531822	3	3	0.7742902395628171
103	13	0.5005325909263016	0.01901033391815423	0.009200805869928498	0.01254694806627183	0.022061660943674365	0.041901531744219	0.09259897735341752	0.16136677584399592	0.11301973876039767	0.028825818426242607	0.45269643858190484	2	2	1.0010651818526033
104	42	0.5460432248726308	0.025073087708556645	0.011961747390669915	0.018550689234641777	0.03567434768645169	0.057775828349524744	0.08768738841795062	0.007332103357983252	0.1950798977682456	0.10690813495860654	0.4140620022054676	3	3	1.6381296746178924
105	55	0.776057562167212	0.04522450715990371	0.022257339901388017	0.03053738772315723	0.105305108811928	0.15759787340880926	0.11176731319644718	0.06578421623525678	0.13120575525241263	0.10637806047790915	0.6244549945293991	3	3	2.328172686501636
106	74	0.5442302892979958	0.05555713265428302	0.014015966177098868	0.017944465654503278	0.020275586081724695	0.02470446085029429	0.11256687124348302	0.13427337201212108	0.07773176707867091	0.0871606675458166	0.40151248909789616	2	3	1.0884605785959915
107	30	0.5104560211493434	0.04905639151178935	0.018037689121160362	0.014401109725161673	0.009391454133870962	0.05222266229204291	0.07074498798789405	0.08032373636557551	0.02462954822410393	0.19164844178774465	0.2697511878498094	2	3	1.0209120422986868
108	69	0.34858909324327103	0.050318998659725	0.02067605092539009	0.017317747274646612	0.018036687140149686	0.019360170714771426	0.042879756913308295	0.04707730464531009	0.05179382461978367	0.08112855235018618	0.21714154223335985	1	2	0.34858909324327103
109	59	0.524542650114397	0.03841855215893113	0.02031732241611803	0.023441626004658017	0.032735455216264246	0.02173890023942843	0.0673460743722997	0.09294098532446537	0.10386370091162746	0.12374003347060471	0.3623840644848612	2	3	1.049085300228794
110	5	0.6656962754241439	0.01762024996732344	0.01093226503864725	0.00566891970902529	0.01686688062911873	0.10993361928709872	0.21306091545590938	0.10322673350783862	0.012599392206181271	0.17578729962300121	0.4722887258338192	2	3	1.3313925508482878
111	36	0.41156934637073866	0.022175733753460842	0.01775273758718102	0.02778234028573405	0.03654489226351125	0.032283928242293605	0.007135324523276381	0.014301425901193722	0.1056475975023198	0.14794536631176794	0.2414482463055099	2	3	0.8231386927414773
112	31	0.7459965597530382	0.04887687509899054	0.018094335314814386	0.02222376124836491	0.12235377311894274	0.18524380333550397	0.06260093590034817	0.07723605633326841	0.13066712448678158	0.0786998949160235	0.6184197897380243	3	3	2.2379896792591145
113	73	0.6665894246625611	0.027306925383682835	0.010890525330622338	0.025046621372081128	0.041987955342301334	0.03735613841165907	0.053559524909939094	0.048798108680637435	0.21974516855794463	0.20189845667369322	0.43738404260518504	4	4	2.6663576986502444
114	82	0.660350301500533	0.05612011710155211	0.020383144191350306	0.030470567204522236	0.03963276414944283	0.004325985117001079	0.0599092609231332	0.14215334804713295	0.15552882798097295	0.1518262867854253	0.4524038976135556	3	3	1.981050904501599
115	20	0.35692201701077664	0.029315688715264084	0.0116694385415197	0.010413806835818825	0.013090648590118091	0.014294481083549094	0.028973109536795393	0.14949388196723182	0.0680553868290169	0.031615574911462704	0.29599075338404984	2	2	0.7138440340215533
116	50	0.6743349393736342	0.004417583925490981	0.005692673358531508	0.0168591588405406	0.033371254395691635	0.04842586436031912	0.13364044027654148	0.05853925430545352	0.2905466620423994	0.08284204786866604	0.5870753075794772	3	2	2.023004818120903
117	0	0.46077237937113785	0.0029796233247172755	0.003721849137175274	0.00770222471605799	0.011992631431220757	0.020148235646090914	0.019024442830165834	0.01954421858918967	0.20284617026579885	0.17281298343072127	0.2849797726156993	3	2	1.3823171381134136
118	58	0.44555333800616903	0.03305324753243587	0.03129103391198337	0.03466473017766796	0.027602956160245568	0.01377038482462715	0.027823195296315335	0.042235834471810785	0.13957351530699877	0.0955384403240842	0.31696165014964894	3	3	1.336660014018507
119	48	0.6541496226602008	0.1137973686905071	0.037131508202015835	0.025671066285716145	0.1577348877396907	0.11009199169516597	0.042450963218673865	0.026591335519538822	0.12043406470611061	0.02024643660278188	0.5201058173669117	3	3	1.9624488679806025
120	31	1.147035492744994	0.051555122743200746	0.01941024829451199	0.022206754914296363	0.04758646159071533	0.13105468870012368	0.2781230723899858	0.14553411358502838	0.2345548392767859	0.21701019125034565	0.8784701787514475	3	3	3.441106478234982
121	89	0.6325963785805122	0.05743753556068468	0.02437205895098323	0.04275095647643356	0.08174546174105611	0.09861360339829661	0.009843044174073771	0.25199210499099417	0.05033911934102911	0.015502493946960953	0.5596563490728667	3	3	1.8977891357415366
122	20	1.4463249861211183	0.23318401726099894	0.10267729695342309	0.037096542988862086	0.069303615049201	0.22851267139454193	0.17549655976819403	0.11608890321833092	0.22789011115183025	0.256075268335736	0.9570657005243833	2	3	2.8926499722422365
123	65	0.8212600223192734	0.03351492449712714	0.006648951860635932	0.06197911774615777	0.13645651686112176	0.027845808560744995	0.04889212489024255	0.10667366957364899	0.08998080569747866	0.3092681026321157	0.4784769951900306	3	4	2.4637800669578205
124	22	0.7143534987544689	0.05765983610964987	0.015532258452817683	0.06917800842397367	0.045794064000210355	0.06092801222420609	0.047821556957738334	0.1136234444152813	0.23285854337769332	0.07095777479289819	0.5857358878519208	4	4	2.8574139950178754
125	19	0.3552947337198693	0.00623561544828633	0.013139805125973639	0.05076136904184225	0.051202344104670935	0.029004946751027157	0.0527843334352165	0.0723874645129775	0.05050102332361193	0.02927783197626306	0.31978128629531993	3	2	1.065884201159608
126	46	0.39931361148420563	0.021785838634576473	0.003216638007142208	0.009083623885655992	0.016266037336167105	0.02997686161634345	0.06243661950748017	0.027579986876847894	0.20148643505605499	0.027481570563937397	0.3500462022856918	3	3	1.1979408344526168
127	64	0.6524421473570658	0.08528277673130166	0.02799246219002604	0.0338873943760777	0.032390363954937766	0.10134197711459102	0.0723953732911018	0.018410350814538477	0.1374438731504864	0.14329757573400498	0.4238617948917592	3	4	1.9573264420711975
128	73	0.5738318343704362	0.1050227861350411	0.012887740537600521	0.023650219676647568	0.04580298963543561	0.10048940365650526	0.10640005180842566	0.02855058047160483	0.13129427275275166	0.019733789696423955	0.44907525853897107	3	3	1.7214955031113086
129	73	0.5272776721143393	0.014311933956166086	0.009711988165785751	0.006856188341728979	0.04722125864276189	0.052771271148995075	0.02194866367768536	0.09489039054939383	0.0906917088290222	0.18887426880280017	0.3240914693553731	3	4	1.5818330163430179
130	46	0.8348502754220997	0.012985351081597252	0.009915506216969723	0.011736411394413046	0.025031620281768054	0.16435536539489756	0.28097134399512125	0.17297245807026473	0.0832225258404896	0.0736596931465785	0.7482052311939239	2	2	1.6697005508441993
131	16	0.4342796797299544	0.01389964635389212	0.028928172221065383	0.00553736062959336	0.00995460187385852	0.037800780543854044	0.053776127377751594	0.054966936436606696	0.09968880569718322	0.1297272485961494	0.29065278477991285	2	2	0.8685593594599088
132	33	0.3311105470020237	0.07405935221352167	0.02129280132613434	0.02250847652209058	0.03664685444750011	0.04691479364962861	0.01564900891447929	0.0381891811968731	0.03391631095262563	0.04193376777917035	0.21511742700933167	3	4	0.9933316410060711
133	71	0.4097042670752613	0.05124695185339537	0.019174259308544696	0.029559831828006693	0.02708842750483859	0.08032165952847145	0.03624513557623911	0.03433260057594685	0.10865166340113191	0.0230837374986866	0.3353735777231794	4	4	1.6388170683010452
134	47	0.3247350851451395	0.006568897450058869	0.008883633862294278	0.01389276826611827	0.023136526900926255	0.03509041477572769	0.03098236053911345	0.06900481429284899	0.11852013920413246	0.018655529853919255	0.2995106578411614	3	2	0.9742052554354185
135	55	0.29144945458389104	0.021135438066166534	0.00814066233003134	0.02070942484380728	0.05236043504939583	0.059296665466565285	0.030263145441861074	0.016878535955850697	0.024256532961281524	0.05840861446893147	0.21190540204879305	2	3	0.5828989091677821
136	36	0.3837330293042668	0.03310340389450156	0.0029527345428114506	0.005030321336224127	0.029606990983684817	0.054495959210117344	0.02374123033473211	0.0981831570274136	0.08549907390862155	0.05112015806616018	0.29950946734360506	3	3	1.1511990879128002
137	42	0.41463431810999407	0.04333746701671534	0.013523723481559027	0.020697492086867532	0.04165076969272	0.06622065685738159	0.06439343983035384	0.024507085255916793	0.050001165936738326	0.09030251795174161	0.2809943331415371	2	3	0.8292686362199881
138	77	0.8960971713883146	0.05135438819586825	0.010571152942191069	0.012089709762708392	0.059965736860831176	0.16660262955638105	0.17607600168920906	0.048972789450551946	0.10361119257716836	0.26685357035340534	0.5778892128390409	2	3	1.7921943427766291
139	33	0.35829071194077444	0.008131108796269809	0.005431452741716048	0.012339151872386715	0.02160766078957652	0.048850530853313055	0.0819771099049017	0.05905435074559652	0.06265551659322086	0.058243829643793224	0.2919157735007114	3	3	1.0748721358223232
140	78	0.5607483205375285	0.043387254686815445	0.019767593272558052	0.020934996710965353	0.05063945553186852	0.06278800893602779	0.07945965441105335	0.03983999402434042	0.1783695085824612	0.06556185438143834	0.4517992114692747	3	3	1.6822449616125856
141	31	0.41785049608265734	0.01000987428490217	0.0031609123595212705	0.006706039692919507	0.009430102408507255	0.03520190678699772	0.1294277367085342	0.049030306713753566	0.09135676458063774	0.08352685254688391	0.32431376925087124	3	3	1.2535514882479721
142	53	0.4338830254863072	0.027598927661745015	0.018416317784262393	0.022085863670105524	0.015443132336452194	0.02253187940348835	0.06289865501572936	0.02193612681721672	0.044451318542088246	0.1985208042552194	0.2077632935693428	3	4	1.3016490764589217
143	39	0.5722190774584706	0.12685413296389197	0.02290779668066812	0.0200015862730965	0.02732226600540458	0.020483997346432657	0.026840199463050357	0.12838421550604123	0.17055240144119274	0.02887248177869244	0.41649246271588614	3	3	1.7166572323754117
144	29	0.9964023306325706	0.07539165101949226	0.02285114355119154	0.04197849135598881	0.15934074562565903	0.1028242481646749	0.0899698699408405	0.16885398777109936	0.07342599729554919	0.261766195908075	0.6592444837050033	3	4	2.9892069918977118
145	36	0.3492662732794561	0.02272890627534233	0.028162799290213314	0.01786770602952221	0.05807709470325333	0.03792362019255793	0.044513128523522585	0.051530793552797785	0.05709463646958314	0.03136758824266349	0.29516977876145023	4	3	1.3970650931178243
146	59	0.6641824850024567	0.03010452765875537	0.004514576415270236	0.005549597108117945	0.03202086358813049	0.06629625279688856	0.05183231347918734	0.08077523859350154	0.19702390715338358	0.19606520820922163	0.4380127491344797	3	3	1.99254745500737
147	43	0.7162594142435641	0.06891815588310629	0.032088545990855075	0.023436057554194305	0.07454087325937168	0.10404712106034797	0.11861625750971704	0.02872741500895775	0.18091186425673994	0.08497312372027405	0.5623681346401839	3	3	2.1487782427306925
148	77	0.6419382974636008	0.03539772482923468	0.07311389149041962	0.08753725148990926	0.024682839382699887	0.06696152882598144	0.030686190753729786	0.13910648673665332	0.07614677098061799	0.10830561297435479	0.4982349596600113	4	4	2.567753189854403
149	39	0.5777239322655927	0.02149505502732321	0.008591871342821713	0.008972644435671369	0.007801705148040941	0.007888786162956947	0.052851434353293245	0.058601591832145354	0.17947892121743858	0.23204192274590135	0.3241869544923682	2	3	1.1554478645311854
150	27	0.7714390258349088	0.01473397460972474	0.022064336165916798	0.03738780575399048	0.02429084605152941	0.1393788480296168	0.19372227048832566	0.10502247613245959	0.09615494078773029	0.1386835278156149	0.6180215234095692	3	3	2.314317077504726
151	17	0.6393049683060406	0.07936796689088399	0.012568220154595888	0.03913047782349816	0.05058591397969106	0.08939725168239662	0.03310351804836384	0.1092313194362987	0.18965515642704184	0.03626514386327053	0.523671857551886	3	3	1.9179149049181217
152	72	0.6080281560924192	0.048106720457392046	0.0021702442219467587	0.009343462075184399	0.020621088522494238	0.022050828305602403	0.05842321949125813	0.14880185311245045	0.2800400840254628	0.01847065588062795	0.5414507797543993	2	2	1.2160563121848385
153	68	0.7157410311000145	0.0341338492527188	0.016566544494884712	0.02191498159100804	0.02404754568256682	0.10709513851640144	0.06889105861594517	0.09181343696373126	0.14126063065884586	0.2100178453239124	0.4715893365233833	2	3	1.431482062200029
154	62	0.3736965881067212	0.01205631640338935	0.008328343667467158	0.009685260109087605	0.00900900463746049	0.005729479012408417	0.016721065746983368	0.039696860487524376	0.13426159565084247	0.13820866239155793	0.22343160931177392	2	3	0.7473931762134424
155	62	0.7256235001299771	0.07666832317480854	0.02116930328401377	0.046850759811369214	0.04732648518664481	0.08167897251634283	0.05725354336622126	0.13262883423605443	0.16122120761163197	0.10082607094289031	0.5481291060122783	3	3	2.1768705003899314
156	53	0.9414218701490831	0.03004561051228059	0.014527754141049773	0.024456561931423537	0.04475280532056205	0.11695849737787617	0.046611185759862894	0.10146663397225889	0.18527432171087715	0.377328499422892	0.5340477602139104	2	3	1.8828437402981661
157	16	0.7264831140823965	0.04110200691676128	0.0059074179933491944	0.02971803275034978	0.09161308944440855	0.058352164159136376	0.11979953199958476	0.21121274164840292	0.05119422601225723	0.11758390315814646	0.5677972040074888	3	4	2.1794493422471897
158	38	1.30013899783401	0.055742329505044166	0.020721759932953603	0.03216969858143308	0.04237722936572744	0.25571242141419337	0.15519590563964877	0.44417464190041955	0.1694134304323088	0.12463158106228173	1.1197650872666842	3	3	3.9004169935020303
159	81	0.4980794648071736	0.034494348126196894	0.038538015810813016	0.052028475399684894	0.012139257408067058	0.09010675134100883	0.12362164182786725	0.08028090120229148	0.03842504562737109	0.02844502806387306	0.4351400886171036	3	2	1.4942383944215207
160	31	0.5845274510637648	0.022174243352855824	0.04614701224126398	0.03123311663508129	0.049027876849446	0.020657921819027994	0.18723283108852745	0.11745835317579452	0.08931662329485021	0.02127947260691753	0.5410737351039915	4	3	2.338109804255059
161	65	0.5357859138691294	0.02177215474970355	0.020930452050651437	0.0174084471474072	0.025797301901161997	0.051248970210121744	0.06389525371892311	0.041115338291866504	0.19835572444378652	0.09526227135550737	0.4187514877639186	3	3	1.6073577416073883
162	81	0.2505517719288022	0.07190270046930604	0.006504030863619179	0.009071212330843325	0.015706373815819668	0.029619635257068847	0.039892784766276085	0.013977398274923813	0.01803042456111562	0.045847211589829635	0.13280185986966653	2	3	0.5011035438576044
163	34	0.4781353723667022	0.010462529061918815	0.014917240169407132	0.07956733099410004	0.04994294420342393	0.047987636545856416	0.0659448875650259	0.10376484901025243	0.023037344589618185	0.08251061022709943	0.385162233077684	3	3	1.4344061171001066
164	20	0.8011545941223468	0.01998030801349178	0.033071230033408436	0.07102476897096197	0.11041525713895035	0.18256852217748093	0.07417338250050895	0.07659776413801085	0.1472496125689744	0.08607374858055913	0.6951005375282958	3	2	2.4034637823670404
165	14	0.5346783041779986	0.005501272025806031	0.009918199015434288	0.01320636784182794	0.01129521325320013	0.015386861920799529	0.03803459655021428	0.08526696319063459	0.22287488962243762	0.13319394075764418	0.3959830913945483	3	2	1.6040349125339957
166	59	0.4258625187640265	0.03577659487803567	0.00993942661722143	0.01273027493031069	0.018312384044182804	0.04599093388546278	0.0689613895353432	0.024703641875895646	0.12487380496787506	0.08457406802969923	0.3055118558562916	3	3	1.2775875562920795
167	28	0.3725021650513384	0.013000623600358491	0.011510574960736042	0.02147905145990759	0.03290290691476685	0.04514373403641734	0.03596953371622892	0.014739960704721843	0.15851677006772208	0.039239009590479185	0.3202625318605007	3	3	1.1175064951540152
168	34	0.7795583971851101	0.0557547652302323	0.016509475904930696	0.031271558638035976	0.0747293210425787	0.08214808648384861	0.09081705791353195	0.02591939158917294	0.19548468659288787	0.206924053789891	0.5168795781649869	2	3	1.5591167943702202
169	32	0.38384246684362977	0.03209782871880472	0.005968296744564152	0.010283790290713185	0.0035180777299459566	0.013674986046507406	0.03998858053380082	0.15940808215041136	0.09212328488438211	0.02677953974450006	0.324965098380325	3	3	1.1515274005308893
170	33	0.7012224306028177	0.007603733923209876	0.04337369215752828	0.07249936669047298	0.04673805086002303	0.15298735308432126	0.03989435707915319	0.2090256739707882	0.11955203009403173	0.009548172743289236	0.6840705239363186	4	3	2.804889722411271
171	47	0.22038621563539362	0.023991429147183472	0.012296259830851562	0.008419284927926263	0.014111351139298945	0.020344176629733757	0.050995533393572115	0.051955134359009	0.02021747398526674	0.01805557222255174	0.1783392142656584	2	2	0.44077243127078725
172	22	0.42000405576343663	0.08558780802076645	0.024411396561796507	0.023088428399340978	0.03130083202596071	0.0357351563575329	0.07742829770001755	0.04186097428815971	0.09645283301320551	0.004138329396656298	0.3302779183460139	3	3	1.26001216729031
173	26	1.1021964644438125	0.16172857196531523	0.06611483050766309	0.08567234041075908	0.0391149078054245	0.11978188498062134	0.20330242392873088	0.23958977136162285	0.133398506696432	0.05349322678724352	0.8869746656912537	3	3	3.3065893933314374
174	45	0.47057015601517305	0.013176370015079519	0.007390356046196966	0.009407071598727635	0.009037739070888893	0.01666710765151549	0.013055040196368729	0.04460027188444043	0.1754327767813572	0.18180342277059813	0.27559036322949537	3	4	1.411710468045519
175	28	0.8999116379783709	0.14886450421658554	0.037339247350736494	0.05147102767187253	0.05949228813436736	0.08661745463724342	0.29654830277987104	0.054386408918563334	0.02031295021393184	0.14487945405519925	0.6061676797065862	2	3	1.7998232759567419
176	37	0.5967651490476105	0.01243316472585154	0.0072391332104082915	0.01250539754151526	0.02073623962897712	0.012755552512353819	0.10308120978990173	0.1499115723126164	0.1902690267988562	0.08783385252713008	0.49649813179462887	3	3	1.7902954471428314
177	87	1.4591631131985148	0.04645269206609254	0.015648867174747064	0.01862169888580662	0.09595885665935332	0.1314649858810921	0.33978218314081354	0.14592075001558416	0.2582562161612188	0.40705686321380663	1.0056535579186154	2	3	2.9183262263970295
178	88	1.0068572993197722	0.1484206581080929	0.03578251009922498	0.012675660575822931	0.1880439660962125	0.0681073895893895	0.08467564620983808	0.09629061662162441	0.25240580308492555	0.12045504893464136	0.737981592277038	3	3	3.0205718979593166
179	61	0.7496793013539107	0.03091376908854368	0.015384007751094008	0.015054461929533636	0.023729249122912195	0.0921332438259658	0.1180377785774896	0.052944155111467855	0.13509620122977253	0.2663864347171314	0.4523790975482356	2	3	1.4993586027078214
180	21	0.36434547648270643	0.0744332464731918	0.020004898581393864	0.009095115991171077	0.01335259948165647	0.029590817742024836	0.02578991259334706	0.032315954806496974	0.10375627734977141	0.0560066534636529	0.2339055765458617	3	3	1.0930364294481194
181	72	0.727301903298882	0.014756601714054922	0.004046878898026004	0.0076221465354293794	0.020596691169927715	0.04201426422450543	0.013937570736372475	0.11865868773854214	0.29459007732745585	0.21107898495456817	0.5014663166302589	3	3	2.181905709896646
182	30	0.4466522044750748	0.013139908385248363	0.011768090286192837	0.00915693999295432	0.024517589341010292	0.023264243199969427	0.046960325259146354	0.06847859515899693	0.14434569944337294	0.10502081340818337	0.3284914826816431	3	3	1.3399566134252243
183	71	0.3841205455296036	0.010923669304908208	0.0020897920464641893	0.010350897612109692	0.028295625683223108	0.045542617259178436	0.06675770010143797	0.02236090657978249	0.011239933954030869	0.18655940298846863	0.18663747323622676	2	3	0.7682410910592072
184	73	0.787589079902351	0.03006563728897893	0.014340111108541543	0.05182172057125819	0.1001473354847875	0.07303864574201832	0.02866885559733905	0.19504981669789012	0.1783807807659875	0.11607617664554998	0.6414472659678221	3	3	2.362767239707053
185	24	1.1740884553074173	0.30394255595853525	0.05594597854922667	0.053250430588043476	0.01880068540626779	0.05386710160603254	0.18422841985501542	0.19675005126846007	0.24265506729521769	0.06464816478061852	0.8054977345682636	2	2	2.3481769106148347
186	30	0.6486079341141223	0.06286006722810616	0.038944341711581815	0.06082974627463342	0.039693768244416956	0.02976923857308156	0.0689489385298365	0.13654907658836185	0.11105920116861231	0.09995355579549173	0.4857943110905244	3	3	1.945823802342367
187	46	0.4838934231521226	0.015789894988941663	0.009769629065899251	0.010001659070827684	0.013272504048081411	0.01225749213774793	0.04579463254562459	0.0480448720088558	0.12245636164024783	0.2065063776458964	0.2615971505172845	2	3	0.9677868463042452
188	48	0.5296476521793732	0.05382935283953153	0.013144825900978227	0.027900243329919354	0.02987573784133766	0.030954534651283373	0.05925144267992499	0.07817940036254926	0.11361930863137426	0.12289280594247456	0.352925493397367	1	2	0.5296476521793732
189	73	0.5924034982900342	0.01637648929976562	0.014122789161376645	0.039684046318355905	0.07484415071791335	0.0448680360646422	0.08027720740322827	0.1492538614366126	0.05681316682920412	0.11616375105893548	0.4598632579313331	3	4	1.7772104948701029
190	65	0.43104625361874166	0.035756252917689246	0.012340851784879505	0.016976567702791764	0.028295093284102672	0.027231932229317288	0.07739818440883896	0.0421252155795928	0.13522668011259145	0.055695475598937935	0.33959452510211446	4	4	1.7241850144749666
191	33	0.7739210359207402	0.13425770511654483	0.05521253962832499	0.06144629550784883	0.09611512818136611	0.10384385877874656	0.014624468393957172	0.15572932029277453	0.0880710948350487	0.06462062518612854	0.5750427056180669	3	3	2.3217631077622207
192	62	0.7143703147347358	0.2219820417679407	0.004236453723974888	0.014972630000841862	0.029073847540635172	0.02832396529855289	0.07309776581005487	0.1366671138969706	0.20279441759202443	0.003222079103740418	0.4891661938630547	3	3	2.1431109442042073
193	12	0.5597160992939132	0.03793586119916379	0.0023291070868378524	0.010135240679144059	0.021622536482147257	0.14550055619524588	0.24372809298410528	0.020972681745189646	0.028667681464678522	0.048824341457400895	0.4729558966373485	2	3	1.1194321985878264
194	29	0.47639216270806095	0.003236996420392501	0.0051490686006606425	0.011873912164036042	0.0641614570034409	0.027521025475376923	0.15918153800024556	0.029405292180226236	0.0929190235377805	0.08294384932590163	0.3902113169617668	4	3	1.9055686508322438
195	45	0.5107266550322609	0.009395839181638482	0.0068696608750019724	0.007254704224113163	0.09494027813814446	0.027776572680898372	0.0443915792470663	0.03843559068444865	0.07716292329958614	0.2044995067013633	0.29683130914925915	3	4	1.5321799650967827
196	41	0.6652193401256277	0.0049646818446537075	0.009464001337595644	0.02603228932809071	0.05413302618690376	0.04970868623764909	0.06734856689962443	0.063479878149088	0.18042917726910565	0.20965903287291665	0.4505956254080573	3	3	1.995658020376883
197	53	0.5677154325425755	0.020423792387447053	0.019327961373733365	0.030513172784944406	0.05941872982906592	0.08712541341323034	0.07096107314686843	0.09643898063635056	0.07200546041836832	0.11150084855256708	0.43579079160256134	3	4	1.7031462976277265
198	49	0.5957211462270459	0.014402240689437597	0.0072799799006600325	0.0069425110741918854	0.014325151843294798	0.0164432150767624	0.01747160343681306	0.10985486696363189	0.2327887771816372	0.17621280006061701	0.4051061054769912	2	2	1.1914422924540917
199	77	0.8445660106269781	0.05583638713568401	0.019566714081035743	0.030545651349470168	0.0404112696634978	0.08555582278274337	0.20101699026539338	0.19022419357260056	0.13775603414627288	0.0836529476302802	0.705076675861014	2	2	1.6891320212539562
