	gt	ms_total	1.1198188001321776	1.25399414512947	1.404246218971659	1.5725013160189902	1.7609165369106559	1.9719074434962	2.2081790273476245	2.472760388881456	2.769043571691609	3.1008270499654174	3.4723644265096736	3.888418965715719	4.35432466059898	4.8760546168179015	5.460297630383988	6.11454394082117	6.847181259165839	7.667602301926624	8.586325209634195	frac
0	29	0.16794051683474873	0.0036067163998248614	0.0011301571326167818	0.0026925484860137808	0.004725259655076952	0.005631227707210581	0.0047556744325909905	0.0040049146517155115	0.0042075723464564405	0.004854920861997309	0.007027886621174777	0.008854891896846453	0.012117207311080805	0.01599896591714022	0.02004390919796896	0.01835654226306596	0.021925398050329538	0.008008370052141046	0.008659502525816546	0.011338851325681229	0.16433380043492388
1	42	0.06673674452344092	0.014162934470321388	0.001444019548327975	0.0013074527444015924	0.0015790322108472903	0.0018547292442740522	0.0018295947253817021	0.0019691217536793376	0.0023953204347286618	0.002930571083480278	0.00368636492490385	0.0036904081818441396	0.002229272994444205	0.002399395082162154	0.002818198464783871	0.003183906938692517	0.0037169964706009083	0.004348161396400277	0.005108524875022105	0.006082738979144622	0.05257381005311953
2	68	0.15238722810797695	0.04387310779464054	0.003516878775595064	0.0036859209783264117	0.004830976048090966	0.005547839664520171	0.006407694519525574	0.007033524911637239	0.007183166680302156	0.007296279702102504	0.0068790050665136345	0.005110510785658145	0.005012268195647217	0.0053257132209390745	0.004045040777473862	0.004340571348758825	0.0053368586048643035	0.008432100965073012	0.009233137751583336	0.009296632316724894	0.1085141203133364
3	39	0.05263526056323775	0.020756358183103785	0.002656953932133508	0.001354624087179471	0.0022558158242629673	0.0014042553075373657	0.0015363186260225923	0.0015590907765273595	0.0011069260812666508	0.001644045718555579	0.0020641137467411804	0.001859227968452716	0.002213005781318002	0.0021469481194988753	0.0020442772795161678	0.0012921554840533492	0.0009971420890023542	0.001689319601927453	0.001832205362660591	0.0022224765934777844	0.03187890238013397
4	76	0.08699057391572088	0.016968094209089696	0.001677825416913939	0.001949134624028573	0.002332861793341033	0.0024816397504001837	0.002746581911855629	0.0028663229233972876	0.003030726477874803	0.0033420149124407366	0.0038925409603941365	0.004452936674658715	0.005208143324806387	0.00560034259844046	0.005853783476112115	0.005133353776991987	0.003190884462352022	0.0011235093712758317	0.0046457635751798124	0.01049411367616753	0.07002247970663118
5	41	0.1896149540491431	0.057619835900141095	0.005296156674154492	0.005511155019777204	0.006423104383918033	0.007322520702932579	0.0066463670880721444	0.006177009115824245	0.006288739166062831	0.004730595964970512	0.004760956821711993	0.005570792811427673	0.005876872755546171	0.006987382612094362	0.008019197885950749	0.008941057948046675	0.008982751532838843	0.010285370826535039	0.012107108018161068	0.01206797882097738	0.131995118149002
6	39	0.1303318621896292	0.06090654069715673	0.001883599229671321	0.0022614958599724046	0.0023419411270665254	0.00225930465587673	0.00227786829077414	0.0023801118595368122	0.0025076313213362096	0.0027242956150060416	0.003021598488391169	0.0035131855160176156	0.003977971069219188	0.0046900605163794715	0.0054289035501962676	0.006035298776297709	0.005495144930875618	0.005620906939775304	0.006129490971606238	0.006876512774473709	0.06942532149247246
7	40	0.07360885962307306	0.013931749659177334	0.0015290049002466615	0.001863063282666322	0.0018081722728174533	0.001970327882064659	0.002151348782903154	0.0022524672977218595	0.002274866658256241	0.002744769043774441	0.0032827992766275692	0.003762066935499078	0.004278687045845389	0.00474082702984281	0.005428025124109846	0.005173281052103372	0.00499425133220701	0.004714838386904944	0.0037482394833208803	0.002960074176984029	0.05967710996389573
8	33	0.06599744551901615	0.018035559635855746	0.0026236227804207926	0.00326091743176794	0.0038937462283270357	0.003614281329717594	0.002311240907651393	0.0026600750463179404	0.0029909292899437828	0.0029913231055609985	0.0017158931129105074	0.0015265779222784265	0.0016856007173578521	0.001830800609007008	0.002729039403645898	0.003276245490359584	0.0031912672737066123	0.0023307700849396857	0.002352376141980845	0.0029771790072665094	0.0479618858831604
9	33	0.2519488825865682	0.04357100331955732	0.004730204523867751	0.003589288390853127	0.003070660194700935	0.0019773760267487827	0.0034412867464883815	0.005500685691295395	0.008267409030076998	0.011413463979088453	0.015659752882627494	0.018574180950224103	0.02261616811375664	0.022126308572302883	0.01238664489422276	0.01477989007173879	0.018248269537416154	0.011796355530662335	0.012181303070408371	0.01801863106053155	0.2083778792670109
10	52	0.07086578644882746	0.016224798492887965	0.002221289861889	0.002636327102817026	0.002850988366442113	0.0028060597591185177	0.0028811325000207607	0.003086554118371212	0.0033400240598655175	0.003148180419115459	0.003349535992085725	0.0035670865221529994	0.0036392334075598786	0.0037010662567309414	0.0035844620474946693	0.003608131000629813	0.0035302148667162017	0.003002349230394247	0.0019694461455050205	0.0017189062990303973	0.054640987955939496
11	37	0.09470039533743962	0.043809669921890476	0.0022758049349874093	0.00204832983866525	0.002185291666993487	0.002142156977098081	0.0025707585113274502	0.0027450402379920504	0.00245470465220789	0.001960620419843286	0.002440395784571489	0.001645218609445597	0.0016953017165333413	0.0019479228742465646	0.002915809890430654	0.004138755502414375	0.00485346261109398	0.003032734104527405	0.0046445585554194205	0.005193858527751411	0.05089072541554915
12	61	0.11855491444880928	0.03745545480136513	0.004174485946430511	0.004468623617934922	0.004572307195123235	0.0045757236357845095	0.005164070523133494	0.003598232755709579	0.002929472825564712	0.002666187938840891	0.0022035965736900884	0.0017430797838190008	0.0011756519479842406	0.0012804551255180625	0.0028096682371475607	0.005005595894236832	0.007401056687455342	0.005910084877487731	0.009501988577455737	0.011919177504127701	0.08109945964744414
13	71	0.05829450073660197	0.013393819230092908	0.001956954137745464	0.0020525408581430157	0.002235749194152612	0.0025071122087131793	0.0026975822329588367	0.002909864236867648	0.0030308048327692067	0.0024908590646390886	0.0020413814855027006	0.0013699056518939176	0.0005188729689427242	0.0008196850812118477	0.0014599820975630807	0.00208160641735507	0.002394054321559525	0.0031653079928565886	0.004403182970088265	0.006765235753546288	0.04490068150650907
14	44	0.037106489687378376	0.002728377781789626	0.0005860566556746368	0.0006979747213157702	0.0007404224265627703	0.0013480658082053753	0.001341983315060316	0.0013744806402098376	0.00041819319459644706	0.00042116824252092704	0.00020519870131613063	0.001958711484679337	0.0023372459502561003	0.0025456484245226273	0.0027946858714513858	0.00292926285374095	0.003230892076671864	0.003573541905903293	0.0038467174418899235	0.004027862191011055	0.03437811190558875
15	34	0.1325242825963438	0.03212493547907761	0.0041439373612603475	0.004530649654427219	0.0049223852177352565	0.005697309576111913	0.006033061958421897	0.006560110386665578	0.006302286344827742	0.005304166256611445	0.005543005381241079	0.00638730818973019	0.006871410122930839	0.00758655725551901	0.008415206261926182	0.007712155888762381	0.005555429400257588	0.004418197345738046	0.0026870749376556964	0.0017290955774437854	0.1003993471172662
16	70	0.10061543224142472	0.011345123219720983	0.0011328699392979522	0.0010214381433884762	0.0012353641007744522	0.0019174179292264868	0.001957155582328311	0.002349061708496058	0.002434032523801322	0.0038437241735075805	0.004395957308485212	0.005046155205759438	0.006086487098216355	0.007173179267668379	0.008020243466980185	0.00870075031991445	0.009377991225304888	0.00943408908793452	0.008224505740776537	0.006919886199843139	0.08927030902170374
17	52	0.04641958371714864	0.008498288413825644	0.0032878523844660284	0.0025800427142017115	0.000870828442610432	0.0007181671346767335	0.0008260668003983687	0.001340210000211867	0.0016917199181095783	0.0020524834662394233	0.002172437585810461	0.0023924354190600285	0.0023666239201257716	0.0017112026064550951	0.001982346730092849	0.0022338302446705516	0.00242491182103078	0.002671909272745487	0.0030456886763233918	0.0035525381660944386	0.037921295303323
18	29	0.0871291414991749	0.018820189992070288	0.0023452829816391625	0.00237188862240686	0.0025381645053285727	0.0027918343275086955	0.0030281098553216887	0.0032654477705893878	0.0034532706237908337	0.0037117751977677202	0.003947055681913903	0.004074668295972092	0.0042093847583404105	0.004265994862614321	0.004457255421072434	0.004951796315658315	0.005425893409832032	0.00538700491816789	0.004908382331831441	0.0031757416273488475	0.06830895150710461
19	27	0.041122494488988734	0.013511226273897869	0.0018181190160695849	0.0012860310127272624	0.0010557895204237038	0.0011271001328375316	0.001248115509068236	0.00106245755500709	0.0015209665717190895	0.0016784862929719326	0.0017095930579865094	0.0014348054801075574	0.001416882551892317	0.0013935804922936904	0.0014893894031622165	0.0016487976355576443	0.0017541091116996107	0.0017119681151332691	0.0019957685884484096	0.0022593081679852063	0.027611268215090863
20	46	0.14123998340375796	0.04744222096693586	0.00399125350301155	0.0042688736359594226	0.004881107083812838	0.005504662940579525	0.0060608606348298046	0.005486160421552956	0.004915790237705574	0.005373628950196306	0.005903502466559973	0.005770145650093769	0.0062700730723340165	0.0066211740679699635	0.006543507114183058	0.006043645476625052	0.005753447256209684	0.004943546099685846	0.0036664768039381722	0.001799907021574579	0.0937977624368221
21	76	0.05376071919918173	0.006628061541882887	0.0012792977442362976	0.0017829494445238802	0.002368133550041297	0.002362872310199416	0.0014796221724748763	0.0018286040157153205	0.0015563981018898152	0.0019430999575516686	0.0019010912158989506	0.0015920131125765967	0.001932198121562629	0.0020514003543327325	0.0016334253670905728	0.0014794728891889429	0.0007415590047296929	0.002630730045336919	0.006924866219172436	0.011644924030776799	0.04713265765729885
22	51	0.08178030917373744	0.03575940605309369	0.003848032634806955	0.00442392143558225	0.0023912506871403036	0.0020812591801367816	0.0018264758129161542	0.002522682847785772	0.0025908109701463598	0.002659240414068155	0.0024659700649972372	0.0021264251257484216	0.0015730664392883758	0.0003167213340593375	0.001718573054419791	0.001995871435881255	0.00245141902448329	0.0030959858099217866	0.003658756521469209	0.004274440327792317	0.04602090312064375
23	47	0.15770949752138913	0.027110195008666425	0.0030384927549322173	0.0036899767449122007	0.0041895668857279186	0.004586309672104168	0.004468276053424998	0.005747002352813921	0.006219385541032422	0.005861295951539524	0.006508333025058606	0.007117009702643484	0.007026329101964884	0.007164017907945343	0.007887744394951317	0.009663597692666913	0.011528536175194032	0.01148094932981975	0.011769742705770822	0.012652736520220191	0.1305993025127227
24	52	0.07734246885924832	0.016047070869577736	0.001589368714944279	0.0016862028014661126	0.0017819794859528395	0.0019960008185751664	0.0021559974236478215	0.002307382524665554	0.002509462213211065	0.0026942628375625777	0.0029006821499508706	0.0031365272457471493	0.0034088099570031396	0.003728732556106117	0.004098738298529815	0.00451084657700847	0.004902427080576169	0.005354881993813907	0.005882437692439866	0.006650657618469663	0.06129539798967058
25	66	0.0746783763191521	0.023166203855044778	0.0023997431987691793	0.002496630810007977	0.0027379469292152826	0.0028832464402021693	0.0026387265474280674	0.002753642589632191	0.0030111009450306796	0.0032434627692096256	0.0035061715568740492	0.003865427219175281	0.00427156369116305	0.004543266653090102	0.00417215469907445	0.002601224419893566	0.0014140181901342076	0.0002756408200640127	0.0018421987724696292	0.0028560062126737973	0.05151217246410732
26	31	0.09392802834460337	0.014013839193621013	0.0029580387394101126	0.004425982103298894	0.005834874749723968	0.005853911555731531	0.0066407321533639915	0.003431969422097568	0.0027876888865855294	0.0035574547097673437	0.0037557810842566196	0.002804917361483949	0.001816711001515624	0.0035267874160811157	0.004896116611594997	0.0058663433282977314	0.007095405116187812	0.005978899047488157	0.005363562833673838	0.003319013030423577	0.07991418915098236
27	57	0.0752465390898151	0.017053331275842624	0.0017594023290920893	0.001908493887116591	0.0021348859387473316	0.0022229975760639986	0.0023363674408088254	0.0025228827487008615	0.0026132916483401175	0.00282903866309075	0.0030197821317277627	0.0030503049597648893	0.0031158467716953515	0.0032387194530086663	0.0034846384043026833	0.0037647681470136425	0.004140852032368032	0.004794534819808756	0.005349427096810886	0.005906973765511238	0.058193207813972476
28	73	0.1074950295950521	0.029126757743052196	0.0031623236349924673	0.003653744638543712	0.00328378011884309	0.0035300990401600472	0.003541192089216053	0.003718493577645916	0.003943473728624055	0.0040352845460319	0.004110830180266692	0.004201802183836043	0.004465741962314187	0.004333742388650471	0.003921611221318374	0.0031018550289423816	0.00308594290884507	0.005035259924984588	0.00823262543644869	0.00901046924233616	0.0783682718519999
29	65	0.10438880245268191	0.020411503570819726	0.003232179314031592	0.003725936775667539	0.002403820919825352	0.002220890632725823	0.0027096886440709936	0.0028222209038207486	0.0035057894919767463	0.004327251834278688	0.0052962875511707586	0.0029223523426811634	0.00419576334795805	0.0049071985740411555	0.005517427597497673	0.005938552897526423	0.006301926252706809	0.006879640973642727	0.007706934003016514	0.009363436825223434	0.08397729888186219
30	18	0.13000505290210423	0.02040711271492722	0.0020390964462398556	0.002285900235102889	0.002742653990209668	0.0032174104642243573	0.0033542051292441656	0.0032707970172701256	0.0039185779300636185	0.004694478982934856	0.005654800054804975	0.006594798982994535	0.007740857834734929	0.009095762534887851	0.009744276135806928	0.008838111448931677	0.00848616732626169	0.009319301667292876	0.009408610584507402	0.009192133421664613	0.10959794018717701
31	24	0.34091415467202346	0.11221430032992023	0.03179542225106704	0.04040144221497704	0.02884253870987479	0.00692076498414485	0.0052912372312115576	0.005066923230285302	0.00336802966182011	0.004490504298613465	0.003312110669407322	0.0018156036887926783	0.0024089901386810395	0.005071688088908448	0.00925505840708845	0.012176361009086123	0.015401738857132098	0.016877448693137818	0.017587722898183035	0.01861626930969206	0.22869985434210321
32	35	0.12810330075102155	0.049260231559831696	0.0033453683200348207	0.0034654291129136896	0.0035297271425923887	0.0038187357473032438	0.003939329584004636	0.004031147839036768	0.004447026681475982	0.004953765623738616	0.005704720215983237	0.00615673981679947	0.006210166991327429	0.005891026375122104	0.005586636433937739	0.004250108653746481	0.0035753949164426244	0.003143108075565876	0.0030690729306225503	0.0037255647305421903	0.07884306919118986
33	26	0.0716861005162422	0.012371491375877945	0.0005430518687872872	0.0005636997492676213	0.0011783019099647573	0.0019601223613437703	0.003451928076900805	0.0050075313120269875	0.007036965524308083	0.009449408324953694	0.0057716296145306845	0.003282279180746919	0.0034063085090029676	0.0034671253681341904	0.0035967914667188266	0.0036538892688787886	0.002722893702567434	0.0012793345809733677	0.00039840272511816865	0.002544945596139902	0.05931460914036426
34	80	0.10132408305082136	0.015219909470228303	0.0017451086464822009	0.001981248914898144	0.0020859568722650006	0.0019280859542362989	0.002448489002553811	0.0032960660191395756	0.004067118209750304	0.0053302176018668965	0.006664699662671085	0.008401894525458573	0.011000756050629808	0.005097683631890775	0.006546189250678717	0.0057203234039632815	0.004924904395429807	0.005179761907458618	0.006040979468997006	0.003644690062223149	0.08610417358059305
35	38	0.3211337730759519	0.07321885729506955	0.02214585254082021	0.020314069479629188	0.023462786391147267	0.025959198558480126	0.02376972343227408	0.025547325605331694	0.023251305528673057	0.01869412753588604	0.010816141551201603	0.008295352319981719	0.0036956591529861645	0.004759425196329935	0.0046867826773504245	0.004714729992908236	0.005703382440981338	0.006091681777187922	0.006215917778383314	0.009791453821330072	0.24791491578088237
36	49	0.08866087453753975	0.012651283268789528	0.0016079587753991603	0.0018344916686074443	0.0019418848140688254	0.0020215824208357843	0.0022192336884121946	0.0022365290424551216	0.0025355868116535563	0.003020457708413416	0.003491353653377934	0.0040556650059244735	0.004745158287915112	0.005229164490607325	0.005865654798660037	0.0065417392306344815	0.006937475183043913	0.007289530161360374	0.007311964114734983	0.007124161412646088	0.07600959126875022
37	85	0.1463743073100999	0.0508817040301042	0.005274501476324064	0.0061482660088575305	0.006841741315128517	0.005295116422475887	0.005285089388265796	0.005828322335154802	0.005484806569763295	0.003313020645749148	0.0011680899749676006	0.0013006180641665565	0.004701565608992309	0.01046501038457803	0.016265236268194004	0.00953224930876509	0.0016603426650633908	0.0016829371806575885	0.002359346413194204	0.002886343249697894	0.0954926032799957
38	48	0.132516576814966	0.05653732314865126	0.01215346687397041	0.009048927708291698	0.011912904456518688	0.0032515357714553795	0.0011401529218986774	0.0018633928071104017	0.0027849451984947784	0.0012621635687252797	0.001113829556567673	0.0008292782600467935	0.0005659080906033392	0.0013629153518868208	0.0024082804264713136	0.002986323540433115	0.004013953351156986	0.005712783139555151	0.005413496166367872	0.008154996476760368	0.07597925366631475
39	0	0.04381639347842237	0.022249370641498314	0.0013284612213167494	0.0011590140369548575	0.0013906028781928846	0.00013191547733734605	5.639418085757859e-06	0.00011165100659164678	0.0001609418263906264	0.0005692759615962221	0.001166012040438686	0.00144952979279999	0.001877848327913839	0.0017447579534447999	0.0010460915037291663	0.0006311133994195892	0.0010602822646566133	0.0018921696382990538	0.002703687545283063	0.0031380285444731733	0.02156702283692406
40	62	0.2064915342552081	0.09255734444114658	0.00787189553332369	0.007253454729525236	0.006767654897043819	0.0063020314775626965	0.0065127490658673255	0.006856338044736775	0.005785945889156669	0.005669747427467434	0.005605748740576268	0.005722731233120213	0.006222224411473254	0.005251868031523252	0.0031279368753232032	0.004219796274273591	0.005821374514969039	0.007035825952201812	0.0074613631624204264	0.01044550355349684	0.11393418981406153
41	69	0.13440371135966905	0.03825463394930968	0.0033575644740036137	0.002815232482919505	0.0023557829504614884	0.0018197835699657245	0.0010738540615796537	0.001574635451656726	0.0037902790484276388	0.008053754353756023	0.008842101284438878	0.012548203251474729	0.013701265066532771	0.005739656310249344	0.006149493688566987	0.006430572932950445	0.006862927653367452	0.006952807112574734	0.0020537604235571195	0.0020274032938765404	0.09614907741035937
42	90	0.07024793267735774	0.01078971771506173	0.002582237373429018	0.001740735660312619	0.0021008413461019687	0.0026404560332807317	0.0030992648172860496	0.0030390390022809128	0.0025901881045691006	0.0026784047877353406	0.002491930049740918	0.003051370211098304	0.003991340134000498	0.0035680879649336588	0.003323235149168424	0.0043304026273651795	0.004092143715555215	0.004559317788277296	0.0046198174388472155	0.004959402758313565	0.05945821496229601
43	31	0.10213261890286482	0.013806313037379215	0.001141011143392884	0.0013839108082166615	0.0018432204353191913	0.0025144918911911163	0.002317339315829574	0.0031661809584410646	0.0042034852979393475	0.005573833091877299	0.0064744807443505754	0.007023776151623364	0.007322396097320783	0.00800132400876113	0.007341704856475332	0.004599396780812578	0.005529970851956507	0.006410887832433246	0.0069312735787619584	0.006547622020782998	0.08832630586548561
44	22	0.13787195576291345	0.006697824791145563	0.0010764567052739917	0.0012316649509455631	0.001399890771246388	0.0019000736129915893	0.001402510108235571	0.0010146437026060835	0.0019378564758262588	0.004087348063997135	0.007060961747153529	0.010297857803984255	0.014045016299324585	0.017735725010988242	0.021054108654355974	0.011166341683145141	0.011070084264792043	0.01074913893266556	0.010175142287753292	0.003769309896482698	0.1311741309717679
45	23	0.15447903807222618	0.04883089679145139	0.003558591011995371	0.0039196050526262	0.0036875494404478657	0.004186955240664271	0.005000925459701346	0.005203893680521836	0.004825021308446099	0.005138953391941031	0.004872280668793156	0.005467507811520363	0.005792421804633534	0.006052525520665201	0.005241378952915371	0.0011112129378115833	0.0025030608722433415	0.0067133423607086025	0.012452878578340914	0.019920037186798696	0.1056481412807748
46	24	0.15597376071280894	0.0359436784793389	0.0019765334564173765	0.0033968849875050137	0.0030587728336948783	0.0027470849499551886	0.0015314902782347295	0.002934820689198289	0.002154585016005246	0.004249115780969836	0.006387882804674517	0.00611217013692331	0.0073472097806988185	0.007938803209060758	0.00882418092086331	0.008908799078890478	0.01045158669612346	0.013154282692355447	0.014601690092062771	0.014254188829836603	0.12003008223347003
47	25	0.09259667172233976	0.01790450388439971	0.001983440699807352	0.0019156614508021065	0.0021081220446396106	0.0023274823084116288	0.0023734595401631417	0.0017619798650077895	0.0017892262561032622	0.001618539296240333	0.0018052796130056251	0.0030604966420462072	0.005722592286001501	0.00922048789131832	0.009229143582388124	0.011943909915996701	0.01474431839640669	0.0013076258040726175	0.0006266876112229951	0.0011537146343060418	0.07469216783794005
48	44	0.10007404257860085	0.028558788619681648	0.0018171407097786734	0.0013391688641584615	0.0025832600857966085	0.004159494394490952	0.0037963825966838157	0.003831012978892618	0.004446566272252551	0.004827841129251012	0.005214595429965212	0.005396394294178302	0.00611996394478763	0.006832025192622135	0.004274723917586023	0.0028413146039583254	0.0026963065348100165	0.0031162952640335193	0.003635234178543922	0.004587533567129427	0.0715152539589192
49	92	0.0750430874209476	0.023805565549882703	0.002104327412155397	0.0022619466271005494	0.0024222991552624897	0.00258807439784334	0.0027540112491258833	0.002931828695908225	0.0030996863030028606	0.00328591689235446	0.0034387300428071104	0.0035666772691233545	0.0036086702769002853	0.003522196741245506	0.0031965647097811868	0.00242277508765925	0.000984272815639955	0.0015936500101034208	0.00241532072448713	0.005040573460564498	0.0512375218710649
50	12	0.09489745177573483	0.0433014604782229	0.003016591171605249	0.003263826989008259	0.0031928440178317407	0.003325346530339989	0.003368033973591494	0.0032817809402653055	0.003298846902809685	0.0031610774667702804	0.0032467662089797275	0.002902510295205357	0.0026018128102012266	0.0025154235444641453	0.0024780815594502934	0.0020830823919793465	0.0016730163062453438	0.0012326201447022344	0.0028367457047754683	0.00411758433928678	0.05159599129751193
51	15	0.170648441703574	0.0576288772173713	0.005545273674053379	0.004356697849901491	0.0035538505302020857	0.0036688907020262784	0.003909550335151903	0.0031701400368184885	0.0041510864173233885	0.004211522046617055	0.004797241729484664	0.005476011069470918	0.006232273979342334	0.007047419337117619	0.007950772488580171	0.009095943662881903	0.010071778909573097	0.010473409683146787	0.009722311320157283	0.009585390714353855	0.11301956448620269
52	40	0.12327771260275025	0.027722849336003254	0.003268667460156245	0.0037768675101958046	0.004215158006520189	0.0034761349206595456	0.004216493516941349	0.004619506574838452	0.0049040925934335615	0.003685494521096738	0.003673040605087538	0.003961096859300861	0.004538962866901241	0.004195189514278774	0.0026025232159292344	4.926707569003279e-05	0.0033987638137604084	0.007904364031754013	0.013214431311320374	0.01985480886888264	0.095554863266747
53	19	0.36321239266496863	0.23647197863257796	0.0026056913457915857	0.0022510781394381165	0.0033148186898916358	0.003496721401236079	0.002800972545910221	0.0031803348828637165	0.003962914751174322	0.004336882084984881	0.004800815800400942	0.005969959901279457	0.0075974363003597925	0.01147109062950116	0.012248218485827099	0.014390407207180836	0.01437340293115975	0.011631334532271796	0.010744839681973458	0.007563494721145797	0.12674041403239067
54	64	0.06746920113911933	0.009911358248145102	0.0012104170236714572	0.0014506627001849345	0.0016675561306301588	0.0018850900020110143	0.0022613376352645514	0.0027204451674376125	0.0034650033206169097	0.0038104169787066106	0.004540018452495319	0.004132844592554297	0.004345960255830873	0.003818986125942288	0.003379091442024405	0.0034761577110602555	0.003616283851562438	0.003802836054758464	0.0039562344327489785	0.004018501013473658	0.05755784289097423
55	41	0.17662058430258581	0.052321383164113944	0.005296848293084192	0.006397481397877982	0.006968983069171878	0.007519384401250986	0.009157384433707555	0.012005954115704723	0.008018488097146172	0.007696947020022022	0.00542412639800372	0.006977062668617017	0.00937407532456308	0.011088318785400232	0.006453300986695446	0.005163074564066513	0.003693724055774527	0.003861981306567821	0.00405200180151535	0.00515006441930265	0.12429920113847187
56	53	0.13474209466991532	0.030213435422511058	0.003951985623381754	0.0038679394184720902	0.002362195382527215	0.0025393827248358456	0.002851033768950709	0.0033744458658339057	0.0036141024061958123	0.003674201968813528	0.003906830295088794	0.004267748439699498	0.004537245499943467	0.0050977496972034585	0.006199862350928172	0.008170232775061688	0.010205645278448566	0.010441863150207627	0.013488878646417044	0.011977315955395104	0.10452865924740426
57	13	0.13229470364914864	0.050003057713180685	0.003895812596697983	0.0023993452146996823	0.0021286074062582616	0.0025737271329463016	0.003512326309371872	0.004366786151349345	0.004406586403649307	0.005528696159216227	0.007530476662007195	0.007910529392789585	0.007869934591550519	0.0076540797635749214	0.005321482801541528	0.0050686637654837104	0.005061870826275804	0.0027842126013623465	0.0018753496616607222	0.0024031584955326343	0.08229164593596795
58	23	0.28328651459255544	0.061380728633073645	0.019449215272435507	0.0033128216020843295	0.0028193997253883247	0.0032492547201819306	0.005229856330535481	0.007807290805489634	0.010261878030070396	0.013631086870792447	0.021277207598895845	0.03244422441202715	0.03815393907392834	0.026122896668048744	0.01551865274551991	0.0035437536608771683	0.0012729053711230886	0.0020447289071636354	0.003427442657486402	0.012339231507433445	0.2219057859594818
59	43	0.04508819012723841	0.021948572249662995	0.0009135881265264628	0.0008695322722328609	0.0007579923955832128	0.0005546059919861429	0.0006093390808398861	0.0005315635944202018	0.0007109336503588327	0.0008866170390891509	0.0011458623970126084	0.0018026796994019623	0.0020644838775599	0.0022878984505947195	0.002133917158857563	0.0021397023063775764	0.002019330940726825	0.0017630545101365827	0.0012977654419151245	0.0006507509439558016	0.023139617877575413
60	11	0.15711616169981496	0.03300476701325288	0.003405142611796187	0.003494308844992215	0.0033367375308865146	0.0033364935764469313	0.002711700778404393	0.0012859371326124102	0.0016218008062173894	0.0028225372130747392	0.001384381253032324	0.0011099772784996028	0.002068312296280029	0.003188308221960442	0.005275179720851009	0.008856283675514057	0.013575246445207651	0.018615598701109976	0.023047021737587086	0.02497642686208911	0.12411139468656207
61	33	0.0562567831782253	0.011140768730745884	0.0014523591854273773	0.0017313014603532705	0.0019451601541294783	0.00216767669990835	0.002274106200678207	0.0024157039601973105	0.0025307432834694946	0.002624541397141485	0.002758505657284606	0.002969192839616013	0.0030962698195377957	0.0030533915593037287	0.0028796637697696857	0.00239170019147863	0.0015287809476276508	0.0002077539537879576	0.00324680378062266	0.005842359587145712	0.04511601444747942
62	42	0.13487201892163056	0.05055004073153097	0.004739553037714554	0.0045073916304481845	0.003711005242860905	0.003597034638518527	0.003506371152400917	0.003409104888382305	0.003233369255891508	0.002782017157597631	0.0021481436290442927	0.001803324354370297	0.0019202208211215824	0.002841047068355514	0.003755996821389617	0.004814793802838521	0.006328312096861752	0.008467846781130026	0.010340041279983978	0.01241640453118947	0.0843219781900996
63	40	0.09973645242246275	0.024178240171878237	0.002083119118980105	0.0019795192220167256	0.0016255986615686233	0.0017231768926167098	0.0017547661896946429	0.0019639613223517913	0.0021826867069202798	0.0020380948805386167	0.0025733980757814494	0.003962115499788581	0.004004718026244739	0.0038859532719810077	0.003496501717245648	0.0034690817200259184	0.004529784390163841	0.006516094553919491	0.013396081531004876	0.014373560469741462	0.07555821225058451
64	82	0.1315314158295672	0.03648675951686608	0.0037821931998918085	0.003397563321679414	0.003751621818808173	0.00442928051080186	0.004137330938829863	0.0043447538300426395	0.0043718386856639296	0.0042873566889707684	0.005024525432478546	0.005388059491060124	0.005918659831960814	0.006617195792200532	0.0072945305668153555	0.007763512665689269	0.006255948720807636	0.006743441845054915	0.005846581744604865	0.005690261227340629	0.09504465631270112
65	5	0.29876093164695294	0.05684761396518926	0.009559421842015081	0.011551699255680472	0.014836063462964053	0.013720000461981617	0.009632372864484585	0.007719822907848948	0.009786052109324081	0.012122112686641807	0.015115471234281828	0.017197472609265414	0.01924803862416815	0.020769951768253886	0.017666654373842634	0.01568087612211244	0.015173298784221896	0.011899431004386379	0.006312991258144712	0.013921586312145698	0.2419133176817637
66	47	0.19201417806743082	0.0335025917749633	0.0024030996770729287	0.0024818386447947958	0.0031672669353150873	0.0045571211823187486	0.005651614276195885	0.004787787605058069	0.004233400261873197	0.0051988559255658935	0.006098766037039191	0.005965269942860515	0.006802264424476543	0.00907686870049211	0.008338918387427195	0.009600074668724057	0.01214001213013561	0.014658827496657057	0.022714150358944765	0.030635449637515872	0.15851158629246753
67	35	0.10324703296582032	0.03732738104203811	0.002021246356635718	0.002201108155385648	0.002366011688457838	0.0025178274466512275	0.0027566974238198783	0.0030146602384408666	0.0031937815158118946	0.0032964131354659585	0.0034853831459690852	0.003431962795005386	0.0032287498868784877	0.0032091898776284477	0.003631462751647135	0.004170029564729028	0.004617919354834247	0.005155057488000995	0.006079597042215222	0.00754255405620514	0.06591965192378221
68	40	0.11395840548000391	0.04008659181985534	0.0015649598453516234	0.0021186735325293563	0.0020563045332525546	0.0014906158909662583	0.0011617188735959232	0.002248728495308425	0.0024466399030733076	0.002322234693748873	0.0027409910159455425	0.003736713887071796	0.0035213309961378103	0.005090415586734537	0.005522972882898493	0.005551705724892381	0.006963490408806948	0.007977840838366577	0.009340405321760654	0.008016071229707523	0.07387181366014857
69	14	0.09499836677370524	0.03568241460838077	0.002917950881603412	0.0036497188536100365	0.0043500555704137425	0.004146342240816088	0.004431484860455963	0.004508210175333973	0.0037798922709293458	0.0037077092500529497	0.0032832380830135075	0.0021335757183992667	0.0012453919755397616	0.0006070444329232199	0.0006825953233981757	0.0004178056244354812	0.001788357158009512	0.003230160112614377	0.005257930977551482	0.00917848865622417	0.05931595216532447
70	89	0.14518762202350094	0.043929625572936115	0.005123344172688301	0.005460058435638156	0.004505367154268054	0.00494139999967385	0.005904999320717244	0.006056205012182797	0.005688454060667383	0.0048019479406612815	0.002697607764313897	0.0028434191023287898	0.0037963591621445253	0.0022882663338455378	0.008069303460812402	0.007939460769323517	0.006027375732927534	0.006129741915828527	0.008570539855272683	0.01041414625727035	0.10125799645056482
71	39	0.2209068138564863	0.11660422140560302	0.012184247581714094	0.012134639534017734	0.011565339218041681	0.010040407972912642	0.0044030855390359575	0.004347440594571605	0.0035328922308487214	0.002616387536671075	0.0018317618229698046	0.0011769452514189549	0.0022641046452222075	0.0032201672483315597	0.003825150829915797	0.005106115116569182	0.006361836321132018	0.007199081206014315	0.007605284167800359	0.004887705633695591	0.10430259245088329
72	19	0.1091318968662009	0.03445700182616835	0.004378729946072258	0.004490939485371862	0.0022122013171567063	0.0017381486399259934	0.0012430704930795167	0.0017391250207533598	0.002461523299616293	0.0032282095084029652	0.0032239566316234983	0.003326708717924922	0.0038989850131132793	0.004592541458543797	0.005009261138746737	0.00536245018577702	0.0061090487718451995	0.006813244046758047	0.007375784265019012	0.0074709671003020724	0.07467489504003255
73	58	0.06527890447253124	0.01616559502309392	0.0015942415084762502	0.0017422508776550102	0.0017915612874197773	0.001892138250210008	0.0020194755291700938	0.0021366012549221534	0.0022815759703450314	0.0024440473933254976	0.0026145218467220413	0.002631107383276211	0.0027646148119609033	0.0028460054938487154	0.0031158862999984727	0.0034258168655373566	0.003700047229730114	0.00382103818243655	0.0037646952959928476	0.004527683968410279	0.049113309449437315
74	31	0.26353582361910066	0.12567494988568353	0.007312277621970655	0.007192399486855853	0.008164972064662417	0.008557903997789868	0.008838167965099245	0.002888719147597487	0.003094500420311833	0.0029371925773987416	0.0040378866970513985	0.0050130274496867225	0.006053138696447044	0.007077418549922725	0.008605523852662254	0.011019057966090809	0.010858122905196527	0.013324007285691435	0.011042653958807113	0.011843903090175004	0.13786087373341713
75	37	0.07674280628106266	0.02093080930053419	0.002135486833276381	0.002455447689328397	0.0029662464167088624	0.003297239317284188	0.003402859471699711	0.0032283086274312884	0.0031285171942865894	0.002868054011513717	0.002624507269202845	0.0023909518590979214	0.0027041624574729458	0.002864329063431127	0.0028722747985937313	0.003057749625298582	0.0033810997533380524	0.0037452016514330205	0.004150387443692101	0.004539173497439003	0.05581199698052847
76	17	0.11140145254152098	0.05886345235264605	0.0031407290661436943	0.0022945300863283606	0.002040690878292088	0.0021194783752223104	0.0026085084605391466	0.002846581453090761	0.0027662280776586242	0.0027555591535818225	0.002356801542512272	0.0018721982090725022	0.0019960055826559095	0.0022065423422114984	0.0024220184084910224	0.0024637479138525497	0.0029475719535118432	0.003708994901888871	0.005014591716254782	0.006977222067566869	0.05253800018887493
77	7	0.10133989245927785	0.008201384980586661	0.0006805975280032283	0.0006906571461583765	0.0007061216731192568	0.0007012841507639284	0.0006532111327503017	0.0006336601061649415	0.0008822730397813561	0.001219538259801178	0.0017710806907479987	0.0028240401350190054	0.004425884276614499	0.006145800571322325	0.008291775860595586	0.010690052943128407	0.012337746123366206	0.012796877995656765	0.013286842338113815	0.014401063507584012	0.0931385074786912
78	52	0.20654097072316055	0.043556784987266256	0.0026868817270703843	0.0038683834253197547	0.0027171742323019218	0.0023808925128008356	0.003024098573117278	0.004452085467021413	0.007548999860441787	0.009277939677931385	0.01238246535870212	0.01617670072684064	0.015115077202730597	0.015038484142213931	0.018032315189281663	0.011463982947703384	0.007925914904565028	0.008971334710508105	0.01038257008467678	0.01153888499266728	0.1629841857358943
79	27	0.2636476121231252	0.014820895730836932	0.0006413585383644392	0.0005870648191576888	0.0007421104906216927	0.0018741249905580041	0.0031120025548695704	0.0033630129314055476	0.005012766729802	0.007961251959029638	0.007159245681955346	0.008097281497733245	0.011589471957214721	0.01620370688678021	0.02026490836538444	0.024371088524934303	0.02864286613050085	0.03182246021327731	0.03614206966073883	0.04123992445996044	0.2488267163922883
80	43	0.13911554232603174	0.038299049241707316	0.0042990694818790375	0.00441730416596996	0.004876716347121387	0.005370231047235597	0.005805034885064131	0.006417306830221558	0.007237478192311669	0.008084983642546506	0.007807033494476465	0.00522134533680199	0.0054104307916981054	0.005460976107705785	0.005382219566755376	0.00540194185825193	0.005215332723690205	0.005027806541983558	0.004753384426800883	0.00462789764381028	0.10081649308432442
81	78	0.06911236547750878	0.024508853870416285	0.0013840385985013151	0.0014648729446193518	0.0013888589851293023	0.0020411091272485972	0.0020197353422593003	0.0019201469096975766	0.0019521190277801332	0.001781650484911323	0.0017711770267015295	0.002209079803858827	0.0027158558017464428	0.003827467589707292	0.0033281896543429106	0.0039339199930428	0.004657920709301096	0.0032767999423855077	0.002355460311730921	0.00257510935412827	0.04460351160709249
82	17	0.18843401410322538	0.07138591714167694	0.001269508127327802	0.0011814928563698337	0.0012093659639249674	0.0014616439543264216	0.0014310076997250264	0.0016231081237053143	0.0015850377344880156	0.0022088080973176496	0.0025540374341457076	0.003356617963755629	0.004510731412841633	0.00615258708432635	0.007900530188329733	0.010176158649689595	0.013116234405886298	0.01605636992791073	0.019210203703593783	0.02204465363388396	0.11704809696154844
83	14	0.05512028320313297	0.01870624301029594	0.0007329417629550623	0.0009236929301676051	0.0009743132883537617	0.0003846568721281134	0.0003353099808500718	0.0005545508713725415	0.0007345185671374454	0.0008467025275281462	0.0008973154348838073	0.000770956758972263	0.0005394152245509535	0.000959440288974406	0.0015966099481223885	0.002718590269550019	0.003815315199845703	0.006193862664115492	0.007158448068401746	0.006277399534927502	0.03641404019283703
84	64	0.15108586169936397	0.036172680410858325	0.0064908061758476845	0.005648762978202181	0.006680499722358476	0.00643117696301162	0.005945698479728173	0.005948656650884662	0.006687052908066579	0.006352211993037076	0.006072714518364664	0.00663588093142561	0.007038134133599154	0.007042334618999448	0.007256689447132369	0.006183948999177987	0.0041410930964715514	0.0029693454020616695	0.005259340925114326	0.012128833345022409	0.11491318128850564
85	0	0.14850760838615762	0.03736282175626351	0.0007210667276871731	0.0017440497947143244	0.0028501479218535344	0.004682331366686257	0.006455268180686931	0.005908349498737912	0.008192397933995763	0.009305680488698837	0.009265052035948528	0.009200904748080422	0.007800142252477917	0.0067723033906203385	0.005385542911102849	0.003981194024639072	0.0042690912619090735	0.0059787692154273375	0.008141249317619607	0.010491245559008221	0.1111447866298941
86	73	0.1052094921238045	0.03567895399215526	0.0014866683215287177	0.0016312848993925463	0.0013441568842097623	0.0013045106408799	0.00209358730580345	0.003167411284824824	0.005317415631961975	0.006873114563173372	0.006321866341712416	0.0037544882749503657	0.0050139109352268525	0.005964759702939295	0.004599116786235456	0.004547720679777991	0.002944149207263909	0.0021758917191439025	0.003192125024636513	0.007798359927987975	0.06953053813164924
87	12	0.16885279073588605	0.0774144285909763	0.0047183085615295165	0.004802841767831989	0.0061092022358751955	0.006767012780880497	0.005885385952085326	0.007864252781668997	0.011635383835697021	0.004537786030362393	0.004441549614111935	0.002185224223755474	0.00234398658504315	0.0025188119491729574	0.0025805236987846915	0.0022757322950640296	0.003676751134222991	0.006767620123943918	0.005292073260014081	0.00703591531486558	0.09143836214490975
88	56	0.08243110110152176	0.01088733993334287	0.001242099312602817	0.0007874788841331307	0.0007008109703148215	0.0012265316925252937	0.0022271394310700585	0.002971016955061324	0.003967604746089249	0.002432813731710743	0.0017519947348014868	0.002562757779925143	0.003138057934240146	0.003828019435972595	0.004665372661955467	0.005693774874418647	0.007053767777846618	0.00782013152992613	0.00934527586192507	0.010129112853660149	0.07154376116817888
89	12	0.1111434069958821	0.0275213895163532	0.001300809074126939	0.0015825343331751106	0.0011416836796841114	0.0020966787664610195	0.003545398393445626	0.005052389829218506	0.006461272716317536	0.007497819803198118	0.004492835224976465	0.004187254248027354	0.004810790531641937	0.005906616891480593	0.0052812508890595624	0.005433840701178912	0.005887050168005527	0.005752377293961578	0.006146977097848147	0.007044437837721856	0.0836220174795289
90	72	0.17970661193832627	0.025022690518129748	0.00251294216822496	0.0025654717488248057	0.0026545064036866527	0.0024874842328444268	0.002084607042003302	0.002668632547187859	0.0022656194606599993	0.0017108737111878243	0.00368653342815754	0.006240714539080268	0.008417935308400118	0.010024625133375951	0.013112577531220096	0.015742212380568277	0.01892218030969437	0.022409321763903402	0.022606118029491844	0.014571565681684811	0.15468392142019652
91	3	0.46595030547065386	0.39498288518463	0.013237275611166202	0.012855026872303402	0.0034043503979362547	0.0026704550015892166	0.0034041071815657745	0.003537997432677367	0.004130283163879186	0.0038753019231084268	0.003374526769369501	0.003930653586352671	0.00337309956589339	0.0029525970940712624	0.0021319919827137057	0.003095383797117309	0.001833113634008482	0.0007730652567135398	0.0009614959001511211	0.0014266951154070803	0.07096742028602387
92	40	0.14785524517248833	0.018415285332646508	0.0010805448079281668	0.0022947684813540087	0.0023023627890319176	0.0018267050525958427	0.001678711271711783	0.003085065908832024	0.004941746488779346	0.007623355106289397	0.01121288819618961	0.015745509567345897	0.02146167102888277	0.016592893059163318	0.007394091147518402	0.009046692406607996	0.006208934649007378	0.0046121242511957174	0.005668616660166772	0.006663278967241485	0.12943995983984183
93	31	0.04649065156235822	0.004570577240449741	0.0005262703805118443	0.0005316909896299699	0.0004363064725343388	0.0006653549038559553	0.0016023764500851358	0.0016878699794964512	0.0017095750923462856	0.0017184502584056	0.0016417167403875198	0.001731460874793722	0.0019343008424425835	0.0025291137615055977	0.0029713949292060216	0.003269000629105235	0.003805320144582133	0.004444272106238099	0.005086292853020573	0.005629306913761416	0.04192007432190848
94	36	0.1359922639404176	0.03430951880648952	0.0034562113256227274	0.0038888120128061027	0.0036372116767278816	0.0038914986658375684	0.0038948327099824548	0.003144647398616072	0.003091417415764695	0.0032567151070333807	0.0034877839424359712	0.0038807841781070963	0.004651053821198174	0.005690410250717039	0.006983263192402311	0.00852484762990736	0.009984021224931212	0.0113158980378134	0.01131483099503822	0.007588505548986407	0.10168274513392808
95	71	0.1325527353164897	0.053208394108348406	0.006414213354740919	0.004873254055694922	0.002962974805050216	0.0027883254935633685	0.002995506481679057	0.0027012756538887664	0.003160990862164453	0.002949773870564618	0.003432612841693961	0.003374646089754124	0.003463523111030819	0.0032407920039231658	0.004678666681161923	0.005254416298490661	0.0074361378768033285	0.009220473576513271	0.00474453403117921	0.005652224120244513	0.0793443412081413
96	56	0.12634914499672714	0.06059037172593859	0.003007869779173833	0.0033106310435907643	0.003277259536066144	0.0033763421000551647	0.003419925023428088	0.0032807525419926136	0.0034114589683688417	0.003518519225409214	0.0032390113253317936	0.0028184258820391278	0.0022372961176168058	0.0015525987654064566	0.002800450291557116	0.004311930202766932	0.0057867721304705666	0.00597755988618804	0.005588516384996109	0.004843454066330936	0.06575877327078855
97	70	0.18477264566462265	0.029029036576070727	0.0014099263179215896	0.0015515781394825651	0.0013388977395424342	0.0010087036930493782	0.0007636322599992032	0.0005910618330087096	0.0007056025402467799	0.001443818602908397	0.0025653225980940657	0.0033418540546847468	0.005745959406877107	0.009452525460782369	0.014338129115815907	0.019800199716294986	0.022115134531009342	0.024620643742072727	0.021302716592812347	0.02364790274394927	0.15574360908855192
98	30	0.07038698712923246	0.027340914291702906	0.00040620170244833786	0.0004675040800237503	0.0004386278605743647	0.0008814421550539292	0.0012049076623415985	0.0010597661117896433	0.0006166576829863615	0.0003280102024374588	0.0014331179189517348	0.002584336647562676	0.0040502491299109844	0.0026450120867107757	0.0029453001081424677	0.003721288141315708	0.004172869232371501	0.0040940839055544995	0.005327947420496493	0.0066687507888572705	0.04304607283752955
99	12	0.12859126410049276	0.05130365819955464	0.0022275485617353017	0.0029025025220754744	0.0035602258409089477	0.004509147209546167	0.005025828538382864	0.004156936974969759	0.005069919456137527	0.0055090507230588495	0.005349852092853881	0.0023322922329692404	0.002612608313628542	0.0030465843632301584	0.0035762436623420395	0.004109516533761402	0.004652446965138775	0.005297720964801565	0.0061925512980675924	0.007156629647330033	0.07728760590093812
100	34	0.17941347491987608	0.03554943615351161	0.0032092774428343074	0.0038371283502434696	0.00499035407437699	0.006695610283678861	0.008772284420988066	0.01056227742614443	0.012253636881561131	0.01008695903333369	0.00894110329107842	0.010136983130701875	0.010835508958956018	0.011648315812606454	0.009951233860265698	0.0065552890319481956	0.011871929376896182	0.0087487878156922	0.003621938541600251	0.0011454210334582212	0.14386403876636447
101	78	0.05769022865283431	0.0019962382025235374	0.001331435448119639	0.0012982228542325305	0.0021486705744567258	0.0026052493286110893	0.003556081173347253	0.0037674416268881133	0.005369978521526103	0.008919436767789614	0.007641327888194429	0.00511376938586528	0.0023553956443872906	0.0021253063173570143	0.0018894376587215676	0.0008701010545226534	0.0009629216515540443	0.0026435127603896508	0.002742653653506815	0.00035304814084095626	0.055693990450310774
102	39	0.058327359116572206	0.0133431366399379	0.0015852510011057446	0.0016826858855194583	0.001789451157083166	0.0016851957493806478	0.001821257862511948	0.0019209609962523217	0.0020078932825959386	0.0017707994893725152	0.002001712471069188	0.0022864394013437602	0.0029093811959258016	0.00303596705856706	0.0031683709594106536	0.0031995854770259123	0.0032921468659822574	0.0034526252962916665	0.0037294384873895383	0.0036450598398067363	0.044984222476634306
103	66	0.06035133266868393	0.014612536574349983	0.0012982947397230612	0.001859386884157083	0.002927063744759771	0.003909163721331458	0.003926903674288328	0.003252384387019712	0.002878328878316994	0.0015789021313011335	0.0018783064871258127	0.0016904793054310756	0.0017813726334048388	0.002128732453284423	0.0020445854833393146	0.0021376994306274754	0.0022814717784010717	0.002847971335532204	0.003640701686991569	0.003677047339298619	0.04573879609433394
104	67	0.06807925309802246	0.014593287381083744	0.0017047584221859583	0.0020208755814357087	0.002243168674510497	0.001824858622998919	0.0019173086430762068	0.002151286996155394	0.002310922463542475	0.0025062606972408156	0.00268879305821175	0.0028737828637053434	0.0030833268927114264	0.0033481015790496	0.003712566166095994	0.003929480090027686	0.004142894350722888	0.004308757499104645	0.004370671379856679	0.004348151736306714	0.05348596571693871
105	39	0.03975656565634192	0.00799809808649595	0.0007488897729331521	0.000828308782503954	0.0008641830912142563	0.0010089568241196094	0.0008034037060068377	0.0009611487928163982	0.0010795218551240653	0.001083706734005512	0.0010993176790629567	0.001148587011262498	0.0010494186311326733	0.0012622298377719895	0.00164408497584824	0.0020531036121783416	0.002656779720969508	0.0036130196389039214	0.0047947993297645245	0.0050590075742275335	0.03175846756984597
106	58	0.18418153673840004	0.0958248568562872	0.0017314121898173726	0.0037707867074862353	0.005282992979471777	0.008156483172672032	0.00774562197807922	0.009639040998237574	0.009489750569947126	0.0012978331300278207	0.00018050584133068586	0.0014755650222675035	0.004375995181324834	0.007828513624262366	0.0062936777738758064	0.00669445176329805	0.002030749887997884	0.00444721011244701	0.004668240627093607	0.003247848322475919	0.08835667988211285
107	55	0.08746529584387688	0.022434313429602344	0.0017842660513044187	0.0019061983303112879	0.0020577482275995563	0.0022594904634958253	0.002493478504452742	0.0027392307112145946	0.003066339063258787	0.003342552628257189	0.0034151211713798887	0.0036459754088771345	0.0037497612977217395	0.0037946276179188308	0.004052731899551476	0.004473733325981372	0.004927521405427364	0.005361681778866468	0.005790103213026844	0.006170421315629018	0.06503098241427455
108	39	0.11663574848050974	0.05183314284113837	0.0031416457726809056	0.0028936566892149547	0.0033620716538800494	0.00376254844734943	0.004057254338966029	0.003907481992209609	0.0035472647265289104	0.00387680784134408	0.004197318063647884	0.004619063394385357	0.00458650977406207	0.005050373116634497	0.005337085037838043	0.004824459614298566	0.0023237599713466397	0.0009196551206374381	0.0011200890364130081	0.003275561047933899	0.06480260563937137
109	54	0.10112023437027484	0.035355050040340744	0.002553650151959821	0.0024987557666305295	0.002661291034794855	0.003108736734782888	0.0035315389602422554	0.003894326345417685	0.003994790104990981	0.003947537905154374	0.0035720010756603135	0.0036493730878055302	0.0034875034355618274	0.0035263283125018937	0.0037423540542779153	0.003950802265010668	0.004135455937416867	0.004319724339559681	0.004493951964590283	0.00469706285357573	0.0657651843299341
110	26	0.061992716706557045	0.011709778162995415	0.000880580635101484	0.0007057790033191283	0.0004908080587245696	0.00033991306431947705	0.000259563324111068	0.0003433707799023409	0.0003462366982340145	9.269013628948653e-05	0.0002131628388420887	0.0009910766184011014	0.0022766163121826334	0.0037083096805130998	0.005348798012743479	0.002871302160622992	0.002919855627059212	0.005433706464540281	0.009132408551297804	0.013928760577357369	0.05028293854356163
111	39	0.09416726135459014	0.0298064629954893	0.000545211937480041	0.0009488298937055024	0.0009494222715740342	0.0007801316548312306	0.0010803598782319558	0.0019852939188257823	0.0024643882073095806	0.002751505158805712	0.002383171246453974	0.002338667439686611	0.0031012101551065752	0.00326459988420526	0.004259834866669412	0.005802895659644788	0.007508393925560131	0.00900860318458292	0.00892173166035631	0.006266547416071009	0.06436079835910083
112	13	0.14652409336766958	0.050131680965409056	0.004528604593328591	0.003642717300683906	0.003307211408911664	0.002844482709395869	0.003248615194243799	0.0037133167409710275	0.0038738868879867223	0.004817698144002636	0.005440123390192768	0.005872665896480371	0.005877022232138363	0.00580724141092962	0.0066899195683597975	0.007215208558170556	0.007586252195427665	0.007667993087324257	0.007556771051230777	0.006702682032482138	0.09639241240226053
113	39	0.1178637191438584	0.04291713759449597	0.0019222479920036114	0.0016267649985269848	0.0024863500375885746	0.0036313085876427823	0.0034015826750393103	0.004295640572304334	0.006222108488465345	0.009164287849395417	0.01043103069072316	0.00668322910541512	0.002888687755132711	0.002541786805471883	0.0029326306191320957	0.003423411785107677	0.003594183362718409	0.003668289571755688	0.0034260369570071753	0.0026070036959321644	0.07494658154936243
114	36	0.13759392348341887	0.036221793766644576	0.002811737745502846	0.0034522090031511242	0.0018647074292693746	0.00210308263028438	0.002332135995753554	0.002521783481306393	0.0029161573401394088	0.0034040628956955835	0.004223492639275875	0.0028453288537787116	0.0026238934008700884	0.002490369751472273	0.0017515537275257123	0.0004730324923889013	0.004730802366674364	0.011174881122931205	0.019607407485994925	0.030045491354759563	0.10137212971677428
115	75	0.15689997889093532	0.048740756929473904	0.0031657114772636968	0.0038411389895065843	0.004225235382591131	0.004488890134097525	0.004356886177142501	0.004874798173910001	0.005273618190630737	0.005216576867309723	0.005016779965103982	0.0051998773426649115	0.005329075110081984	0.005745360699578945	0.005212137234842061	0.004333544485117756	0.0016087240409135473	0.005505306144179406	0.01379531955647662	0.020970241990050282	0.10815922196146141
116	53	0.0814618243243991	0.016219780244041165	0.0009974718030071284	0.0012163843288534426	0.0024191157778963614	0.004346857140855662	0.006627454955012739	0.007719816301362162	0.007343614028971811	0.002061525982606823	0.002637936034853364	0.004127260271753298	0.005113420880589656	0.0015084100781929397	0.0017376499788868223	0.0018321604531702953	0.0021368767811415224	0.0035621501955700585	0.004497311412561375	0.005356627675072474	0.06524204408035794
117	100	0.09399168803338447	0.023063420040263995	0.0023638907510682627	0.0025582426073551497	0.0027062078832104826	0.00276655273022761	0.0027647627201911424	0.0029440076439015274	0.003014890844111797	0.003199858940242766	0.003665717927897662	0.0042978457917996855	0.004248186482330864	0.004488181253066391	0.005003750949120938	0.005647958700663595	0.005276135246557804	0.0037402041152054567	0.004098591501207937	0.008143281904961405	0.07092826799312046
118	19	0.04287416552722226	0.005372172485841014	0.0005891863595513766	0.0007204500579870695	0.0010469269087757666	0.0012239201475204658	0.0013229873090622522	0.0008322147775043096	0.0008350518205378318	0.0008836029691692063	0.001158272829402957	0.001076064535908071	0.0015759703243826075	0.0019381115825739177	0.0032139876105968155	0.003570431199784668	0.0036008986359310925	0.0035941992620809847	0.004341773719346546	0.005977942991265308	0.03750199304138124
119	58	0.10097737880869462	0.01635728372590586	0.0033934585053489045	0.004928046102156296	0.00571993614136455	0.007120773971635215	0.009354948578362807	0.0015659049191011109	0.0023945483854747756	0.0030006891237780433	0.0030842835640948487	0.0034623994543910917	0.0046687280786591005	0.0048211255424629815	0.00476391548103624	0.004994144687679124	0.005291118685088272	0.00593822884859941	0.005735628552491523	0.004382216461064462	0.08462009508278875
120	14	0.13502380754538423	0.0463361301996171	0.006321088607265656	0.006339958020565233	0.003222881502997941	0.0027656366267566866	0.0024392213327986455	0.00204837744398376	0.0015144682616862577	0.00042388606846339045	0.0011729105658132648	0.0017118388461151296	0.001946677436055084	0.002763023410302092	0.004786340076378594	0.006855658873319676	0.008940499135158084	0.010826020368562067	0.01196632486377109	0.012642865905774469	0.08868767734576713
121	49	0.17756123139213772	0.018686383007265293	0.0026088300555328968	0.00327821003487114	0.00388243660198977	0.003922750083524123	0.0030148586294004745	0.0029422107881901275	0.003100971121717954	0.0033677008327973276	0.004290849762290163	0.00590811117195053	0.008481322602926498	0.011630941016593342	0.015319594392676907	0.018891172825450515	0.0218350426134299	0.019230554300930038	0.014496281011933074	0.012673010538667626	0.15887484838487242
122	68	0.05124347694632627	0.011722003128312801	0.0012765481928211798	0.0012851215367568518	0.001401668398208986	0.0014132414398473456	0.0014186647540834546	0.0010874912921509828	0.0004980904096072846	0.0005029333762642319	0.0008159514210569815	0.0017937498711600285	0.0027885608709914914	0.003970588461367443	0.005393356811005941	0.005331457121543986	0.0008086162163435738	0.0017159068726706286	0.0032359929440763267	0.004783533828056748	0.03952147381801347
123	44	0.1018144194666674	0.026370347160743414	0.0021990035095447837	0.0022137984478752927	0.0022044557398684553	0.002418783266703357	0.002927983184104422	0.003028664929345834	0.0028122346009655397	0.0031949061939651234	0.003113240979999682	0.0045508826551223895	0.005069022077636003	0.005670533594008806	0.004906747001175057	0.005155417795746741	0.005811263948173089	0.006698212954227691	0.006581629258900865	0.006887292168560856	0.07544407230592398
124	50	0.10652745458789031	0.011380526643161207	0.0018994619303417937	0.0022970255155241068	0.00181087991055465	0.0016026293523847524	0.0019307189043772524	0.0020498714550863384	0.001976689893824454	0.0016496454203309993	0.0018665034252951188	0.002300343693140396	0.0030067463981346024	0.004974596607318685	0.006250908294496573	0.007919679603431611	0.009902684845126186	0.012665035639793706	0.01734067054862205	0.013702836506945829	0.0951469279447291
125	46	0.09730378367826197	0.016966092929731755	0.0010881367477308963	0.0017300879852587777	0.0012190460916477028	0.0020493840457607776	0.0015926526712766456	0.00292335242375719	0.003095592764185264	0.004417844526610291	0.005699060726232697	0.006025151412049141	0.00668431794076027	0.007285925465077645	0.007916339509179384	0.007823446198029181	0.00795114555959085	0.004910068350492607	0.0033221463313280954	0.0046039919995628	0.08033769074853021
126	71	0.09243665550618643	0.022311079144934368	0.005134332764528253	0.004409925230484058	0.0037991336053232925	0.003037432683456246	0.0018960149238481062	0.0017623357114847976	0.001882432116441321	0.0018105092449347377	0.0018316097325119817	0.0017046684203380128	0.0012633462623871986	0.0008191383552326671	0.003708795083609859	0.006812488218485882	0.005459589446042694	0.0050844870034826685	0.008916194455731219	0.010793143102929066	0.07012557636125206
127	36	0.06741271820150485	0.011016170552828148	0.001013134165991733	0.0011425134287969668	0.0012966233644148965	0.0015030091253722695	0.001724288512627904	0.0019119597877992173	0.0023264792563466707	0.0028718087411057384	0.0033932648843117827	0.0030073845429985082	0.0033119266487286443	0.0033575754833282435	0.003473519159283223	0.0036440202403779953	0.004357305774232911	0.00520653318780679	0.006018582682327514	0.006836618662825693	0.0563965476486767
128	50	0.07752321333692663	0.015212600349222722	0.00207023056688927	0.0024414972716298505	0.002804838961426857	0.00300815820551477	0.0026959096921680965	0.0025778037821840385	0.002877523696885854	0.00306908034591545	0.003319706401292515	0.0037100417002375995	0.0041213145251894874	0.004669069422496276	0.004975270867080051	0.005078719120866628	0.0047018529915473905	0.004133330013547179	0.0032581106390535673	0.0027981547837790293	0.06231061298770391
129	56	0.13596727147605542	0.03588827383576763	0.0036601928729005696	0.004037871242635858	0.004427836228384463	0.004308291832193372	0.003284358800013269	0.0034874727495785556	0.0036311880627460775	0.0038826336831457985	0.004015667117384217	0.004400268437292418	0.005030445135512865	0.005915511676239706	0.007424931992523995	0.008910838973749266	0.010382705460162716	0.008582573928825301	0.008159259460715496	0.00653694998628384	0.1000789976402878
130	39	0.048223923272250016	0.0155295834383475	0.001527223285417676	0.001504504097511302	0.0014474625961107457	0.0013396168408901978	0.0013108403082653232	0.001085730440877455	0.0013087292632809637	0.0017735522463747616	0.0019397786137707713	0.002071779670797143	0.0021849769116280646	0.002421517314803173	0.001449390718438833	0.001470000534619458	0.0017487565718632345	0.0022089149754991513	0.0033751482581225282	0.0025264171856317396	0.03269433983390252
131	23	0.09167296900369312	0.01603966581953804	0.0010888418099130256	0.00014083010101016553	0.001418575391090012	0.0017366234408267257	0.002261994391111206	0.002315811407671876	0.0038554235457536343	0.0043296885103447065	0.002229887461802082	0.0029960329501334546	0.005764085374568827	0.008680693183870202	0.011773773598888804	0.011521253144927702	0.005237432133599098	0.0032689360329236188	0.0029003875695254476	0.00411303313619449	0.07563330318415508
132	68	0.06922977916014353	0.03908239303120026	0.0032802530876564896	0.0027015172388810066	0.0022430605798033	0.00230498396484241	0.0022924625695926164	0.0015778255448008116	0.0011469412156797374	0.0012509681683399716	0.001866300133524524	0.0019070886544834183	0.0021350808978543136	0.00037961520104270953	0.0005855913243383742	0.0012697469726867911	0.0018633838549186002	0.0014355289090009033	0.0008790298929946369	0.0010280079185026594	0.03014738612894327
133	45	0.06808699991926277	0.020215722207724492	0.0017661884829459368	0.0018835474911365266	0.0020393380826549314	0.0021608748550749676	0.002203608712148606	0.002182016660936193	0.002126940129964428	0.0020498139798931386	0.002088709430878675	0.0021894432345236	0.002132186992179222	0.0020193803933360064	0.0016004470385983468	0.001303210096950525	0.0025357788203919894	0.004067507192087708	0.005998929118514731	0.007523356999322744	0.047871277711538276
134	63	0.18861627637735834	0.074386742111471	0.004604142924630988	0.005846929150917567	0.006034523518794288	0.0048844753646562905	0.004882098552912046	0.005820735921589204	0.006046719962560551	0.004532658827405086	0.004014071310043001	0.005460198653542277	0.006514657293127744	0.004989411360398266	0.00671201006963012	0.007462375443134437	0.008679115401044697	0.011403172600133476	0.012694577559802215	0.0036476603515650774	0.11422953426588733
135	79	0.09315802226447555	0.01976667404054089	0.0017935956841432501	0.0019429798291723047	0.002113586415300803	0.002308427813486399	0.0025485486047622952	0.0027342686404153256	0.0028727110472733814	0.003175051598302827	0.0033233871216515	0.0036459813874655045	0.004019172779142757	0.00445739883378098	0.00490527973855251	0.005435976877383545	0.0062274123558200035	0.007219726751046604	0.007906583527128141	0.006761259219106522	0.07339134822393466
136	37	0.20116246550591496	0.07957225298989429	0.006430845037187044	0.004906609202925227	0.0044399146763294504	0.004203956432922036	0.005826808790966496	0.006780407176459341	0.005660263359896656	0.004537951593199444	0.0052497800784756625	0.007108377845626368	0.004671210010207227	0.002572630406447465	0.00388957225180371	0.00666836295722583	0.008114401154294402	0.009836473938593432	0.012953836845351167	0.01773881075810971	0.12159021251602067
137	36	0.11154823428434299	0.032420514131677465	0.004101182846136221	0.004304658531596747	0.002949858080306771	0.003004669308975247	0.0032713659582493753	0.0031539211575288316	0.0035380399078887683	0.003599942089190418	0.004242208293261997	0.004348502667956689	0.0037576627540148403	0.003121491677459348	0.00384726000140368	0.006575358141333342	0.006896208108976218	0.006949075456517158	0.005905118293058178	0.00556119687881171	0.07912772015266553
138	44	0.13499834857710347	0.03937688985835957	0.004316669448732375	0.004567049008983388	0.005754387126532353	0.006687778684226613	0.007282543301111631	0.00527406074828645	0.005375160333760933	0.004562849744425021	0.003177036690254265	0.005596208840013166	0.004144939409326367	0.00549980283297621	0.006695976660536066	0.006529300605949153	0.004643805299002729	0.004414347266620414	0.005107727873580329	0.005991814844426439	0.09562145871874389
139	44	0.17721832444925953	0.05960510590686749	0.00453425038306069	0.005366032096795006	0.005802693987439081	0.003960890210049239	0.0039036322757014822	0.0035379668384826644	0.0020266518943980825	0.0008696167793346364	0.0015781620262682588	0.0021926401582593987	0.0037047999856284364	0.005145509705968307	0.006971684181121378	0.008738371660375575	0.010857099798677262	0.013265572653234367	0.01606398940816374	0.019093654499434416	0.11761321854239204
140	62	0.09430653833897065	0.03102982522519851	0.0024584592912070256	0.002654003001149966	0.0028536481475307696	0.002920013670884484	0.0026737377559060364	0.0028136397223662694	0.002992202463569793	0.003162799667654351	0.0033517796836139086	0.003553505238419917	0.003748859840576056	0.0038889832781496634	0.004040646859830573	0.004220480645426877	0.004361825667207649	0.0044736471650407336	0.0045413492505329296	0.004567131764705146	0.06327671311377214
141	52	0.09321496781249458	0.015384109375986749	0.0013713639879362684	0.0018082259590250305	0.001963839348481999	0.002103621866087098	0.0024105755746356267	0.0025762567132719158	0.00276572532053516	0.003028232145813159	0.0032859941683353795	0.003999286978678181	0.004662894618163678	0.006192076107054036	0.0051934842059022	0.004203224233331533	0.006526964298335913	0.007538484057082113	0.00897700405993831	0.00922360479390023	0.07783085843650783
142	43	0.08900163007172063	0.01957393389422489	0.0021230587154745942	0.0017698566476335633	0.0016701506363729353	0.001718331853938391	0.002495927003043263	0.0026937766606416613	0.002827782795387194	0.0034930789787044124	0.004122925921354667	0.0047675386691678305	0.004195949308811287	0.003736516823363568	0.00462514427338492	0.004431052641974223	0.005013868759984889	0.005736175369189568	0.00656011535511528	0.007446445763953501	0.06942769617749574
143	49	0.15437445733714678	0.05325777609271155	0.003317916128065258	0.0033359481909140043	0.0036971055729819414	0.004273520941191593	0.004532799529151383	0.004867282086559394	0.004806647859937925	0.004487340410628619	0.004600457272254922	0.00407481857796639	0.004858892848188337	0.005616208355841052	0.00688232640131743	0.008492264928147407	0.0074594196198295186	0.008013698635238702	0.008605267225322726	0.009194766660898643	0.10111668124443522
144	29	0.06243183800629749	0.014244951007897636	0.0006890996809926365	0.0006189245869666572	0.000604997190022121	0.0007071192397238187	0.0008904368785002431	0.001094812048008503	0.0009011985915731199	0.0009218868542073624	0.0011193990826367085	0.001226284631502705	0.001437452719662446	0.0019552062213901073	0.0027464005764613357	0.003554035246660807	0.004707624735890426	0.006531580887890554	0.008659131705549678	0.00982129612076062	0.04818688699839985
145	30	0.07440258796519045	0.03242726281839792	0.0020116139185099094	0.002038741572250495	0.0019753031149993866	0.0016686519086051052	0.0017865490650979402	0.0017335881897754808	0.0018067452275828738	0.0018461615539486999	0.0020037589960126513	0.0020765513881144423	0.002364000627812542	0.0024384429388022554	0.0024486363815754393	0.002542910120877833	0.0027698929304296118	0.0030828024156640786	0.00348947956233349	0.003891495234400298	0.04197532514679253
146	76	0.082932664976516	0.018696163506000885	0.0016155794222128582	0.0016091847067539792	0.0013087474382114793	0.0015140592036161468	0.002659009594334894	0.0027337888894720594	0.002897252993261496	0.0030194782112928902	0.0033769872919109183	0.0036266097850007045	0.004716196053793855	0.006134508211240599	0.006892265000096936	0.004656812802129513	0.003975481387475987	0.0033038503436812667	0.0044051162734678835	0.005791573862561631	0.06423650147051511
147	24	0.12643104746106704	0.04692224632865293	0.004784283419986117	0.005059286371946291	0.004629037861623771	0.0038523200998005222	0.0027515409477829877	0.002962262719203177	0.002177863635984048	0.001396458740197594	0.0013020999879661621	0.003133286644600988	0.0030394319010573915	0.00426362769004306	0.006081070496541207	0.008216787673345624	0.010210992688487052	0.007239050592329294	0.003951890443673168	0.00445750921784566	0.0795088011324141
148	0	0.505318202293181	0.09478569213502294	0.004109122684092856	0.0060921039908374205	0.0014609190142117526	0.0018745068057639885	0.0032993186808456536	0.006126578577614868	0.012881946693238682	0.02515665949793624	0.04409875316600996	0.059956252693341316	0.015582586940015238	0.014354344149039518	0.022153748074331982	0.024062125248434905	0.040326215178117804	0.04216101198162712	0.04399825808295135	0.04283805869974741	0.41053251015815806
149	26	0.15671991532658136	0.061208246198805265	0.004552571032016643	0.004403389892711854	0.004754524570852603	0.004682709238540778	0.004480520146069486	0.0040701485952566435	0.0033024460698465666	0.0034783965382301314	0.002491962502307401	0.0018055827131805901	0.004813244739661461	0.008204071116824667	0.010970982592496945	0.006009336153738834	0.006356022493993958	0.0066621303071260456	0.006857466494134728	0.007616163930786771	0.09551166912777609
150	12	0.3620779587963134	0.1802668288398141	0.01089271500332431	0.00654485880211401	0.007497578501436055	0.01338865264883932	0.013843688177297855	0.016240048579818422	0.017722039702128472	0.022319533022614562	0.015162069608881395	0.014224868788911557	0.009748838373312205	0.00868707709846426	0.007027176975974057	0.005362763288248405	0.002897711248760077	0.0025435323002562724	0.0032950735962787962	0.004412904239839274	0.18181112995649928
151	33	0.09063925250627337	0.01674396767640644	0.001758892193836977	0.002041868641823683	0.002211439992079302	0.0023876116298129947	0.002591788614605817	0.0031475756524705356	0.003641781703929634	0.003990871031260923	0.004444547918077756	0.00475175160319989	0.005047417492751538	0.005199809258316994	0.005243631766474602	0.0051100793361103704	0.005340282804546368	0.005627439362810175	0.005974004569722814	0.0053844912580365625	0.07389528482986693
152	28	0.4419684886715114	0.04270415887300974	0.0013573158869022114	0.00279660034748362	0.005634766872718656	0.003401821725965704	0.00279141881369593	0.004326421975949088	0.007523873193344247	0.01076174864060474	0.013915952668206374	0.021079205315175518	0.028665753792640983	0.03686618686866797	0.045034648717052705	0.049434993546068874	0.05281301477943156	0.043043012971333526	0.03708595345760715	0.03273164022565275	0.3992643297985017
153	35	0.049796058481374014	0.007685063013179418	0.0008669813727914662	0.000950955554205048	0.0010557959438520978	0.0011585299488181284	0.0012747325449669973	0.0013960165122605095	0.0015247576226284406	0.0016607659780040916	0.001807023996289255	0.0019626464802854383	0.002140005307872268	0.0023618259722230917	0.002627043733500786	0.002949285195971028	0.0033335149384748006	0.004227228782921667	0.005032716042004826	0.005781169541124653	0.04211099546819459
154	47	0.0526614107273079	0.011577075843707103	0.0014652915490824916	0.0019561925494788216	0.0021946540194580427	0.002188330158223072	0.0021475411570459207	0.0019480196222504565	0.001988975916636242	0.0015462819985600526	0.0019840769777824045	0.00230691183471271	0.0027578498128645	0.0033794132214040743	0.0015927184324574226	0.0014535685965466928	0.002141450072586929	0.0018829010564136446	0.004109123902858008	0.004041034005239309	0.0410843348836008
155	44	0.06165632589355678	0.013356564599889676	0.0011452729535034467	0.0011707077593067468	0.0015685946171836774	0.0016583108803029283	0.0016939521841832332	0.0016776458534556987	0.0013992002617020344	0.0007087905264538466	0.0008469088425689756	0.0030722190546780383	0.00463026958604658	0.005431958886239233	0.00405846282739811	0.005003907756105648	0.004138058905038961	0.0028667885867118496	0.0030966677681101727	0.0041320440446779285	0.04829976129366711
156	44	0.03352720719796304	0.006160056607955657	0.0009404240419691502	0.0012543366698634316	0.0015045736561413797	0.0017044458763228313	0.0008228826317897722	0.0006460886618000738	0.0006795068319098388	0.0010602267974271645	0.001008042311130546	0.0013751142730703148	0.0016413180929533058	0.001960640184770826	0.002027751309568359	0.0020682257190324264	0.002270164404954645	0.002097552061262546	0.001785241282055552	0.0025206157839852174	0.027367150590007383
157	11	0.22307615262834146	0.04024038722853801	0.004572973797575364	0.0037208765647456952	0.0028576914844624024	0.0035369127311197695	0.0037974767026158606	0.004973289110251347	0.006106114444092768	0.007140795893886784	0.006671760513427893	0.006533082935070928	0.008250663032506229	0.00972195334646458	0.012016427320202229	0.01426950729663871	0.017179883706186977	0.020290333771258568	0.023670070054711168	0.027525952694586162	0.18283576539980345
158	51	0.22813685066380002	0.13794944124213984	0.007212251869432902	0.005588253778668739	0.005727082449022158	0.006117217823923639	0.0063122206568369775	0.005044040550379507	0.004382798299398415	0.0045425888988069344	0.004242117085975367	0.0038136614670552862	0.004044975340480314	0.004301967587883535	0.004568878831621478	0.004833512987475867	0.005119507205749123	0.005310510972573211	0.005010073541225976	0.004015750075150749	0.09018740942166018
159	19	0.06686139081485278	0.015391256901401203	0.0010776773925823956	0.0011335304983971796	0.0012826074429345194	0.0014113303093807295	0.0015584091659631436	0.0016842037236878902	0.0018291614918114645	0.002062616690725747	0.002398161244938161	0.0028573956853157646	0.003413737537883557	0.0038281419739217325	0.003684155977228261	0.003951519868596437	0.004326148438642015	0.004679127076956117	0.005006927061008633	0.00528528233347782	0.05147013391345157
160	63	0.04978944678712531	0.004085027720489139	0.000903827002541642	0.00053664972086259	0.0017482886578781035	0.0026575049310575997	0.0028398856113868417	0.001613228289195059	0.0019799280180015392	0.0032980696828554	0.0006183211609116168	0.0008981322324811023	0.0010862702297233537	0.002004471934290873	0.002854495433722744	0.004100461350455834	0.004899797374945669	0.004409375457761998	0.004735649574473315	0.0045200624040908875	0.04570441906663617
161	65	0.21899378271798453	0.03981063162000739	0.0018084403445900003	0.001562336213926706	0.0014240452967098712	0.0010830251756629595	0.0009534096202047684	0.000759432172341443	0.0012371270999219281	0.002759465128978458	0.004110668999112953	0.007228078610289665	0.01197483084303181	0.018366555246996256	0.0244682172947362	0.023085386273057094	0.012656174220984017	0.016810865043363953	0.021231129676186976	0.02766396383788206	0.17918315109797714
162	45	0.1836473385249304	0.03418325147023082	0.0013175070269338008	0.0025545782454032967	0.004093957636825829	0.004405876173880792	0.004667268116558629	0.005343139483252681	0.005592059879091634	0.005400051145888969	0.004942059254920835	0.006242314815657158	0.009139073790787182	0.008563846148103476	0.012051213764177258	0.015310490229509283	0.018006073302695772	0.018699843199733654	0.011224132403901821	0.01191060243737752	0.14946408705469957
163	82	0.08509717990639162	0.02862864566423886	0.0026773945712050616	0.0027988997056837173	0.0030614504708959926	0.003330530202875783	0.003418983678286154	0.0034387347828678636	0.0034580721370192514	0.0034848485173691684	0.0029755622653564228	0.0029874639018866826	0.003262041962424477	0.0034474202420042817	0.00289648104734841	0.003295183140527698	0.002659576136632736	0.0026267069331338154	0.003946711498282291	0.0027024730483529544	0.056468534242152764
164	75	0.1441011064122293	0.02666259764962396	0.008934000845277193	0.01309366126684346	0.017652305819368753	0.01904263526662239	0.0038520442002142807	0.0016205389515440778	0.003723135483635907	0.0009656179045068186	0.003971232979330269	0.004748237097492816	0.005286655084780708	0.001834939284192935	0.003407781723147283	0.006192231500887229	0.009148970779367337	0.006420138653984527	0.004924493542315868	0.002619888379093509	0.11743850876260535
165	24	0.06918390892258093	0.010554248747061469	0.0010356792104655231	0.0011423438651383781	0.0012479408561544367	0.001391273776721075	0.001559987133568972	0.0017051733116378697	0.001767095292510719	0.0019676795603278128	0.0024188752627233925	0.002989811893457857	0.0031511931926908065	0.001093764907709072	0.0005461903473289257	0.0028446165626173706	0.005622007395526141	0.009145297276218444	0.009102843173364811	0.009897887157357859	0.05862966017551946
166	16	0.05062165835208487	0.01138348208589063	0.0010175015033745938	0.0013743294308567707	0.001470306905992339	0.0015500548246525749	0.0014557529936641959	0.0015502306988104879	0.0017850474471919294	0.001831243691172511	0.0018951470998777344	0.001860332229178481	0.001975359312355591	0.0023523584931139305	0.0027030326904081067	0.0030411916484888333	0.0034084211440914935	0.00347727624329499	0.0030985808616063966	0.0033920090480632804	0.03923817626619424
167	59	0.16085771900317353	0.019022040858569164	0.0006152376298279944	0.0011484041617634611	0.0011737875409844514	0.001470905780623257	0.002870283917556729	0.004663175260494703	0.0061182462953037215	0.008826492218529148	0.012141897576694188	0.012987111783113415	0.0142624284127847	0.014414794482364974	0.016623760294916183	0.01679924397020766	0.00794692277537615	0.0047798072764739	0.00679882864740242	0.0081943501201873	0.14183567814460435
168	64	0.16668491285591802	0.010060491492840481	0.0010010424595999082	0.0010892565576372483	0.0012308821006829923	0.0012074653741328606	0.001072746272890114	0.00044165567334658313	0.000915122110104988	0.0030691241060210126	0.006140832285384798	0.007745502034142953	0.010102098599231408	0.013741976156544086	0.01693797221007548	0.01969504875288022	0.021835948946892225	0.019250590383671766	0.0167418022603841	0.014405355079454805	0.15662442136307753
169	21	0.12627851484206506	0.05243389467582142	0.0006280622264910682	0.0008376741117269309	0.0015687944832391333	0.0016564710639006036	0.0014337109122331045	0.0016828621393862393	0.0011976425725401978	0.0014886058743625416	0.0005551942620251848	0.000315288498320149	0.0004053777709539716	0.0013531567034847348	0.002739524703893337	0.004722245631053574	0.007747143898880329	0.010940667891470392	0.014606769595669655	0.0199654278266125	0.07384462016624364
170	23	0.06068279140757815	0.018623252149131207	0.001652792309230207	0.0018453762069413201	0.002012837403193924	0.002134313931476796	0.002003698006339828	0.0020404274064512035	0.0021043383190621546	0.002121692604798135	0.002014345268326542	0.002087824883121317	0.00250593899850382	0.0025187729686445403	0.0028169163516149074	0.003039203590208024	0.0032003949649834114	0.002737284891021123	0.00239637948113736	0.0028270016733923323	0.042059539258446944
171	49	0.24551697598642186	0.028519884474384593	0.002585995073377368	0.0031901569182152586	0.0036684341508846485	0.003854901347318471	0.0041565209076480335	0.004261834339696711	0.00429938156060647	0.004299670779486085	0.00447187168265452	0.004980324303579889	0.002887074012318431	0.005287019996195005	0.009418951280899555	0.014126286288427752	0.021301406407875013	0.031093422962104614	0.04156018830171443	0.05155365119903502	0.21699709151203728
172	66	0.11528933258389155	0.02606051097873473	0.0025831982886031515	0.0030792713366410386	0.0036735880391724953	0.004362487992072301	0.004669137884281714	0.005275899734478425	0.005730409297126671	0.006988820106864638	0.007123470834535591	0.005717385156960084	0.006467947957871536	0.006796197386425633	0.007342640477798697	0.0072122270541059305	0.005192779013522924	0.003602018034716746	0.0017935910777215666	0.0016177519322576866	0.08922882160515683
173	27	0.09389300819713649	0.038167453281694616	0.0018116825939491418	0.0017467124014066016	0.0017471795251640368	0.0017764150437919646	0.0016468695346161242	0.0023089720790017997	0.0026269807615229633	0.003468616734472625	0.0025995720872180206	0.0025384713504332333	0.0028413711913685556	0.0033069708249251575	0.0039005141911548037	0.004357773274709096	0.004374797416275721	0.004464234791131699	0.004391858965328668	0.00581656214897166	0.05572555491544187
174	29	0.1913512482733436	0.032936474846913595	0.006712926896908907	0.0031523032460334457	0.005273747628713122	0.0066575783047016475	0.007713127865578626	0.00837129022769332	0.008822415100108474	0.009153613167563572	0.010170438409525829	0.012709932887893124	0.015658422204469925	0.010980565934141422	0.007487151757591583	0.007207576869082164	0.007955751299150354	0.00954174355025962	0.01056842191745965	0.010277766159555215	0.15841477342643
175	32	0.10470417148522204	0.0488836941803639	0.005598368609189511	0.005664383798430238	0.0030707034245865115	0.002482047934762276	0.0026942251730901114	0.0029930560553516235	0.0034310890867660284	0.0033736742357525504	0.003281061949444328	0.0031258360165293576	0.002784172626214331	0.0017233412157096869	0.002094994044534141	0.002025284311409799	0.003147960445704331	0.0034921056545255584	0.0017607915597560304	0.00307738116310172	0.05582047730485814
176	33	0.1337963305659249	0.06843110170438546	0.003643951388693319	0.004116181947889436	0.004590273924838907	0.0035156969859157176	0.002268071776063	0.002285085002892098	0.0026247808553425222	0.0029614710224304813	0.0033060135238110154	0.003863505952041611	0.003880810599345745	0.004364305263991205	0.004555750405893993	0.004436839068420226	0.004737238523136315	0.004663905865128905	0.0038123139883719463	0.0017390327673330115	0.06536522886153945
177	67	0.12143589161460731	0.035158372044172395	0.0032781652779955307	0.0034243860932195304	0.003533053665416219	0.004140262631064393	0.004222176700424767	0.004397909555075614	0.004663166710962306	0.004784959819206275	0.003567136545165968	0.003486968316159148	0.00383613104984603	0.0046339682398094965	0.00573680840419407	0.006988774075592865	0.007906066343372096	0.006593069459875182	0.005549977824836075	0.005534538858219347	0.08627751957043492
178	9	0.3128000833731212	0.0407965905870987	0.0015443531765824802	0.001855221774283755	0.0032697138017449712	0.004953618272535531	0.007516746849844613	0.010600998291471169	0.01316547557064074	0.016957866301802835	0.021510607236623423	0.026413231566389153	0.031579629690162855	0.025964123217277237	0.029653115630716785	0.024527791394948338	0.01021917835033312	0.01217153219655057	0.014201149206739839	0.01589914025737508	0.27200349278602254
179	15	0.10637556032158596	0.019669978704221595	0.0031527913124824404	0.0035115858577835523	0.003848213982252194	0.00412879922311652	0.003398792794533095	0.0029813630409016765	0.003634977270505946	0.004246040765138844	0.004768678988018949	0.005201838613775413	0.005581703248842401	0.005739259545936531	0.005849381702185038	0.006185700481145418	0.006446865309590818	0.00456398257162161	0.005807605412268947	0.007658001497264966	0.08670558161736436
180	11	0.06707725694696452	0.015878001014346513	0.001618840368487504	0.0017397943126065266	0.0012089802113270105	0.0010850895160859958	0.0009600667236312498	0.0012783063213131036	0.0019858741767912786	0.0023676564760268595	0.0028905390975769163	0.003208539940629364	0.003956443433007724	0.004941423897923788	0.005812887605090298	0.004812069067430815	0.0028227878173200036	0.0022286498909014603	0.0034254843852431255	0.004855822691224983	0.05119925593261801
181	75	0.18784942655024914	0.014790190701552797	0.0016853997657438927	0.002039181110812153	0.002462272973899429	0.002706584771170467	0.003792246316802086	0.005293869171416714	0.008303952920639075	0.003958606899650346	0.0034899664882605125	0.0052800363584859025	0.006778861721552443	0.009447948848328487	0.012972067613055218	0.017439796022386274	0.022065943339362255	0.023713885892347866	0.019821905312484067	0.021806710322299146	0.17305923584869634
182	10	0.3895182407606501	0.05295574929400998	0.021945368701553114	0.02842164188055256	0.03515099894937916	0.040659961501866265	0.030391224067583846	0.03425775093044498	0.019689692996585285	0.023055297149102098	0.030829768486063298	0.03940776358780761	0.0007757367252313524	0.001981636190431065	0.0022344363424589096	0.0029483068501931337	0.004505944989720764	0.006224247067706199	0.008272495044430913	0.005810220005529609	0.33656249146664013
183	45	0.1096913820420114	0.023684725136323335	0.002683499646077064	0.0023171609549641073	0.002436607200184622	0.0026659554725408548	0.0021545293683584844	0.001912140074810506	0.0016744202385448911	0.0011933261215273216	0.0005124489855089194	0.001344203829520654	0.0032651221755305927	0.004690880454031463	0.006472728430673293	0.00843135754071385	0.010386721494365802	0.012000071552000134	0.011867113416874239	0.00999836994946126	0.08600665690568807
184	86	0.12341579604451103	0.03064312261332351	0.0028062984610835945	0.003623775550443551	0.003376561430352896	0.003086409755348632	0.003421460554670925	0.0035508194066489565	0.0038496009435978885	0.004358139422818484	0.004744132979547715	0.0050316773784988954	0.005500250466152716	0.005933714494390049	0.00615325340784686	0.006554544537748421	0.007008313547197208	0.007500846862290586	0.007949352855826623	0.008323521376723512	0.09277267343118752
185	59	0.09128140139540362	0.02836234767215598	0.002205845969877673	0.002313079809696021	0.0024132308500094376	0.0025110218876726307	0.0026182495164319758	0.002716913776008957	0.002820403517240099	0.00293652274587382	0.003073825410187154	0.0032378946935131773	0.0034466915206289904	0.003782409190809774	0.004094222117945342	0.004400995128691292	0.0047128894365237595	0.004985085123321453	0.005215386133668007	0.005434386895148084	0.06291905372324764
186	87	0.1355397083267545	0.04913849001431079	0.0019956134145366366	0.0019762017378220104	0.0019292218880064228	0.0020327768446419163	0.0018702931441099255	0.0016517525973577631	0.0016713025529075211	0.0009630780993254072	0.001746389611120671	0.0027085922560584714	0.002811403657945781	0.002211758240266455	0.00107399184845964	0.004261495430757117	0.008307503096798015	0.012562581526079074	0.01671344798568706	0.019913814380563825	0.08640121831244371
187	26	0.19533102380057005	0.03733926724116174	0.007823695328524567	0.011905406141985472	0.016772579558957758	0.021779340988341108	0.028826844809654754	0.028514507109975558	0.013271120564872948	0.00273815905219346	0.002998558723795414	0.0017787416203617224	0.00227209025804265	0.002119721040214002	0.002520090145321961	0.002794924438721615	0.0024712976466132208	0.0032868407104220147	0.003391695421631445	0.0027261429997786244	0.1579917565594083
188	19	0.5661185135626442	0.07218089129503699	0.004604633177687401	0.004643344050174928	0.006620409740887365	0.006960793485769581	0.010822852101782725	0.01500131286916744	0.021530464243002492	0.02879936331221767	0.03567659314293335	0.043593835243496776	0.05090962641557096	0.05787716653439311	0.06139187821496333	0.041002002498527354	0.04093420910411233	0.031856230443844925	0.016316379498836377	0.015396528190239171	0.4939376222676072
189	36	0.09112401871123882	0.0324422579324527	0.0027411785170780223	0.0030693149987349403	0.002382510471162178	0.0021496137492105997	0.0022304178719333356	0.0025468063356620064	0.002908572308746605	0.003263784553872489	0.0034932505083179336	0.0036729079827775607	0.0038140192118638876	0.003715173267441027	0.0028336604806737135	0.002062930512613248	0.0013592451284410298	0.0027124778860687284	0.005012091726377028	0.008713805267811792	0.05868176077878612
190	81	0.06558830051857321	0.032113532888630655	0.0024635425337312016	0.0022075517517505493	0.0012649766310191153	0.0008964622455802223	0.0009944349026117637	0.0009825326931135814	0.0017051857277102147	0.0022266226765865404	0.0009817322941377948	0.0014553226749447002	0.0018066621036860043	0.0016454330234627053	0.0011780159543941556	0.0013442332875068736	0.0019585062055267935	0.0028892300792680743	0.0035715814733850255	0.0039027413715272434	0.03347476762994256
191	45	0.09115164871694224	0.020412455225591226	0.0022798903339178805	0.0021752556383915684	0.0026874356599080633	0.0026469016622099866	0.0032113630330087503	0.004216572664161442	0.005255387189603871	0.0037281027938982805	0.003790356399742464	0.0042838673570903645	0.005424151933581502	0.004648718631894887	0.005160714799075578	0.005622162340570306	0.005273678779696283	0.0033094112893864774	0.003648346799624475	0.0033768761855888394	0.07073919349135102
192	46	0.2442072982074009	0.07926241668447215	0.008903007431091169	0.005803720941025046	0.006472744947417862	0.007516840690901599	0.008572467908466611	0.009488964034168667	0.010448469956600204	0.011602857654760206	0.011161985979614108	0.009423685110361506	0.01014909664586499	0.010641731359972434	0.010899873030676435	0.010430205672462913	0.009406018321831201	0.009199465740774238	0.008535808223309821	0.006287937873629753	0.16494488152292874
193	40	0.1979460129301343	0.009602797508327987	0.004652459927965499	0.0038869197085928467	0.008108316982219177	0.010235945694372346	0.012185278030729252	0.009248270111574038	0.006911690671210935	0.009557449037421263	0.012851329497059485	0.016160280324997535	0.01825362011357231	0.012813053058569368	0.012597583626775417	0.012733967777939434	0.010153897303269243	0.008436197062233686	0.01295243843212558	0.006604518061178926	0.18834321542180632
194	24	0.3150006960361083	0.036778128126611014	0.005653495246063837	0.011332361278874775	0.012128663208975824	0.009986547850205215	0.009386037582851413	0.007066736239658028	0.014089874335401771	0.01736936692604763	0.022979407567863794	0.015041322776167392	0.015217426000520699	0.016869468568934443	0.021504704349335754	0.023142018946014115	0.02076661020400867	0.017898721721538162	0.02192165588142919	0.01586814922560656	0.2782225679094973
195	19	0.07400981483666245	0.017791200068248005	0.0018177286658467985	0.0021813641965141447	0.002621703513873473	0.0031111293573590558	0.0034898253375000563	0.0037505001498796316	0.0036537080311677254	0.0035672565894317144	0.00362658643890476	0.003647727459038134	0.0034845408982670054	0.003103058579307262	0.0025779982895545875	0.003126220458043511	0.003054800923139946	0.002776831702696703	0.002585087489402654	0.004042546688487285	0.05621861476841445
196	22	0.21930151329393177	0.009485681356290819	0.0026950351290532873	0.0032380873277685707	0.004315419335529953	0.005577994873147075	0.005376490060235764	0.006982534987233467	0.009354745344851229	0.011679339742376778	0.012684624139759456	0.008524788269339136	0.008202182429538914	0.00818477870905788	0.009437127552655529	0.012091563003400507	0.01716427021531155	0.02361992963685111	0.028431352932661292	0.03225556824886947	0.20981583193764095
197	46	0.07496148921006351	0.03861932968327543	0.002401632046183238	0.0027140311688306313	0.003610277780175333	0.004649521479897155	0.00144347288726397	0.0013139643084973647	0.0016022145597300425	0.0021929327781466316	0.00293016133957661	0.003495413313048461	0.0013007682676210452	0.0011442481763993028	0.0012274264669454792	0.0010542749936492436	0.0014460611786341658	0.0017059706847342303	0.0011670672409736125	0.0009427208564815655	0.036342159526788084
198	32	0.0754508794280882	0.014396713362325456	0.0027993684200392985	0.002619482469893266	0.0005013085002603514	0.0004967524098557191	0.0006008695043662096	0.0008752920200858829	0.0011921800460168257	0.0014606130064721435	0.00287352905572731	0.00385135189629835	0.0016576103057342505	0.003836676475290889	0.004185143033741131	0.005082763411728041	0.006559678569555184	0.007141398431723497	0.007905332659097333	0.007414815849877053	0.06105416606576275
199	67	0.23324809540680316	0.03359663822347294	0.0013057602285250361	0.0007879368524186131	0.0007027755793238881	0.0019587697086754156	0.0038136815901694612	0.005833325700503943	0.008750837949987928	0.012294982808146511	0.01335537226272329	0.012066574653666682	0.014976990335996934	0.01659954808625634	0.01833311975428596	0.020607985281612055	0.022156212065962792	0.023400165037716407	0.014701483572202172	0.008005935715156808	0.19965145718333022
